Code,BirthYear,DeathYear,DeathMonth,DeathType,AgeWhenDied,FirstWinterSurvival
ABA14,2014,2018,2,N,4,1
ABA16,2016,2018,1,N,2,1
ABA17,2017,2018,1,N,1,0
ABA20,2020,2021,3,N,1,0
ABA21,2021,2022,4,N,1,0
ABA22,2022,2023,3,N,1,0
ABS04,2004,2005,2,N,1,0
ABS06,2006,2007,4,N,1,0
ABS08,2008,2009,3,Q,1,0
ABS11,2011,2011,9,Q,0,0
ABS13,2013,2013,5,Q,0,0
ABS14,2014,2015,2,,1,0
ACA10,2010,2010,12,S,0,0
ACA11,2011,2012,1,S,1,
ACC08,2008,2009,1,Q,1,0
ACHIL,1967,1976,8,S,9,1
ACO21,2021,2022,3,N,1,0
ACO23,2023,2023,6,Q,0,0
ADI20,2020,2021,2,N,1,0
ADI21,2021,2022,2,N,1,0
ADZ78,1978,1978,6,Q,0,0
ADZ79,1979,1981,2,N,2,1
ADZ80,1980,1980,7,Q,0,0
ADZ81,1981,1981,6,D,0,0
ADZ82,1982,1986,1,S,4,1
ADZ83,1983,1983,6,Q,0,0
ADZ85,1985,1986,3,N,1,0
AER23,2023,2023,10,Q,0,0
AGA84,1984,1992,3,N,8,1
AGA86,1986,1986,6,Q,0,0
AGA87,1987,1987,6,Q,0,0
AGO20,2020,2021,1,N,1,0
AGO21,2021,2022,3,N,1,0
AGO22,2022,2023,3,N,1,0
AIDAN,1997,2013,,Q,16,1
ALB91,1991,1992,2,N,1,0
ALB92,1992,1992,6,Q,0,0
ALB93,1993,1998,11,Q,5,1
ALB94,1994,2002,2,N,8,1
ALB97,1997,1999,4,N,2,1
ALC89,1989,1991,12,S,2,1
ALCOC,1973,1979,9,S,6,1
ALD01,2001,2005,11,S,4,1
ALD91,1991,2000,11,S,9,1
ALD93,1993,2008,,Q,15,1
ALD94,1994,2005,1,S,11,1
ALD96,1996,2002,8,S,6,1
ALD98,1998,2004,12,S,6,1
ALD99,1999,2014,,,15,1
ALFIE,2003,2009,,Q,6,1
ALI13,2013,2013,12,S,0,0
ALL11,2011,2012,3,N,1,0
ALL16,2016,2017,3,N,1,0
ALL17,2017,2019,2,N,2,1
ALL18,2018,2018,6,Q,0,0
ALL20,2020,2021,3,N,1,0
ALL21,2021,2022,3,N,1,0
ALM88,1988,1989,2,Q,1,0
ALTOS,1968,1978,4,N,10,1
AMBER,1967,1976,2,N,9,1
AMC16,2016,2017,3,N,1,0
AMC18,2018,2019,4,N,1,0
AMC20,2020,2020,5,Q,0,0
AME12,2012,2012,6,Q,0,0
AME13,2013,2015,3,N,2,1
AME16,2016,2017,3,N,1,0
AME22,2022,2022,6,Q,0,0
AML16,2016,2018,2,N,2,1
AND02,2002,2005,8,S,3,1
ANK86,1986,1987,1,N,1,0
ANK87,1987,1997,7,S,10,1
ANK89,1989,2003,7,Q,14,1
ANK90,1990,2002,10,Q,12,1
ANK91,1991,1999,3,Q,8,1
ANK92,1992,1993,3,N,1,0
ANM02,2002,2015,3,N,13,1
ANM03,2003,2005,2,N,2,1
ANM04,2004,2017,9,S,13,1
ANM06,2006,2019,3,N,13,1
ANM07,2007,2007,6,B,0,0
ANT00,2000,2002,7,S,2,1
ANT97,1997,2001,11,S,4,1
APA04,2004,2005,4,N,1,0
APA05,2005,2006,3,N,1,0
APA07,2007,2011,9,S,4,1
APA12,2012,2014,7,S,2,1
APA13,2013,2013,6,W,0,0
APG22,2022,2022,6,B,0,0
APH00,2000,2000,6,B,0,0
APH90,1990,1990,6,Q,0,0
APH91,1991,1996,10,S,5,1
APH92,1992,1992,6,E,0,0
APH93,1993,1998,11,S,5,1
APH94,1994,1995,12,S,1,1
APH95,1995,2000,,Q,5,1
APH96,1996,1998,11,S,2,1
APH98,1998,2001,11,S,3,1
APH99,1999,1999,7,E,0,0
APN85,1985,1985,6,Q,0,0
APN87,1987,1989,2,N,2,1
APN89,1989,1990,2,N,1,0
APO15,2015,2023,1,S,8,1
APR74,1974,1981,12,Q,7,1
APR75,1975,1989,1,N,14,1
APR81,1981,1982,3,N,1,0
APRIC,1967,1982,2,N,15,1
AQU89,1989,1991,3,N,2,1
AQU91,1991,1996,11,S,5,1
AQU96,1996,1996,11,N,0,0
ARA05,2005,2005,7,B,0,0
ARA06,2006,2008,2,N,2,1
ARA07,2007,2008,2,N,1,0
ARA10,2010,2011,3,N,1,0
ARA11,2011,2018,4,N,7,1
ARA13,2013,2014,1,N,1,0
ARA15,2015,2020,6,G,5,1
ARB04,2004,2006,1,S,2,1
ARB06,2006,2011,10,S,5,1
ARB08,2008,2009,1,N,1,0
ARB09,2009,2009,5,Q,0,0
ARB10,2010,2010,7,Q,0,0
ARB11,2011,2014,1,S,3,1
ARB13,2013,2015,11,S,2,1
ARCHI,2003,2012,,Q,9,1
ARD02,2002,2004,7,S,2,1
ARD04,2004,2004,12,S,0,0
ARDBG,2006,2014,,Q,8,1
ARE17,2017,2018,3,N,1,0
ARI01,2001,2002,12,S,1,1
ARI91,1991,1995,9,S,4,1
ARI93,1993,2000,8,S,7,1
ARI94,1994,1995,3,N,1,0
ARI96,1996,2001,11,Q,5,1
ARI97,1997,1999,11,S,2,1
ARI99,1999,2003,11,S,4,1
ARN19,2019,2019,6,Q,0,0
ARN21,2021,2021,12,S,0,0
ART00,2000,2012,,,12,1
ART99,1999,1999,6,Q,0,0
ASB09,2009,2010,1,N,1,0
ASB10,2010,2011,3,Q,1,0
ASB12,2012,2012,5,D,0,0
ASB13,2013,2018,1,S,5,1
ASB14,2014,2018,8,S,4,1
ASB15,2015,2016,4,A,1,0
ASB16,2016,2021,10,S,5,1
ASB18,2018,2018,9,S,0,0
ASP76,1976,1976,6,D,0,0
ASP77,1977,1989,4,N,12,1
ASP78,1978,1990,1,N,12,1
ASP80,1980,1981,4,N,1,0
ASP82,1982,1982,6,Q,0,0
ASP83,1983,1988,9,Q,5,1
AST89,1989,1989,9,Q,0,0
AST90,1990,2001,12,N,11,1
AST91,1991,2005,,Q,14,1
AST93,1993,1994,4,N,1,0
AST94,1994,1995,4,N,1,0
AST95,1995,2005,2,N,10,1
AST97,1997,1997,7,B,0,0
ATA10,2010,2010,12,S,0,0
ATH85,1985,1998,1,N,13,1
ATH87,1987,2002,12,N,15,1
ATH89,1989,1999,11,S,10,1
ATH91,1991,2005,10,S,14,1
ATH94,1994,1995,3,N,1,0
AUK17,2017,2018,1,N,1,0
AUR88,1988,1989,3,N,1,0
AVO81,1981,1982,2,N,1,0
AVO82,1982,1985,6,C,3,1
AVO83,1983,1993,4,N,10,1
AVO84,1984,1996,5,N,12,1
AVO85,1985,1997,3,N,12,1
AVO86,1986,1987,4,N,1,0
AVO88,1988,1989,3,N,1,0
AVO89,1989,2004,6,N,15,1
AVO90,1990,2004,2,N,14,1
AVO91,1991,1992,2,N,1,0
AVO92,1992,1993,1,N,1,0
AXL07,2007,2008,3,N,1,0
AXL11,2011,2012,2,N,1,0
AYE07,2007,2012,10,S,5,1
AYE16,2016,2017,2,N,1,0
AZU05,2005,2013,1,S,8,1
AZU07,2007,2012,1,S,5,1
AZU08,2008,2014,1,S,6,1
AZU09,2009,2009,6,Q,0,0
AZU10,2010,2010,5,E,0,0
AZU11,2011,2011,5,Q,0,0
AZU12,2012,2014,2,S,2,1
AZU13,2013,2014,2,S,1,
BAC03,2003,2004,6,N,1,1
BAC97,1997,1997,6,D,0,0
BAC98,1998,2007,7,Q,9,1
BAC99,1999,2000,1,N,1,0
BAL15,2015,2016,3,N,1,0
BAL17,2017,2023,1,S,6,1
BAN87,1987,1989,11,Q,2,1
BAN93,1993,1993,12,S,0,0
BAR75,1975,1985,3,N,10,1
BAR76,1976,1980,8,S,4,1
BAR77,1977,1986,3,N,9,1
BAR78,1978,1979,12,N,1,1
BAR79,1979,1992,4,N,13,1
BAR80,1980,1993,2,N,13,1
BAR81,1981,1982,9,Q,1,1
BAR82,1982,1992,4,N,10,1
BAR83,1983,1995,6,C,12,1
BAR84,1984,1995,3,N,11,1
BAR85,1985,1986,4,N,1,0
BAS19,2019,2019,6,Q,0,0
BASIL,1988,2002,,Q,14,1
BAU16,2016,2018,2,N,2,1
BAU17,2017,2018,4,N,1,0
BAU18,2018,2021,10,S,3,1
BAYLE,1963,1978,3,N,15,1
BBA17,2017,2018,2,N,1,0
BBA19,2019,2019,6,B,0,0
BBG15,2015,2016,11,S,1,1
BBG16,2016,2016,11,S,0,0
BCA14,2014,2014,6,Q,0,0
BCA15,2015,2015,5,Q,0,0
BCA16,2016,2018,1,S,2,1
BCA17,2017,2018,1,S,1,
BCA19,2019,2022,7,S,3,1
BCA23,2023,2023,5,B,0,0
BCL84,1984,1993,4,N,9,1
BCL86,1986,1999,3,N,13,1
BCL87,1987,1993,3,N,6,1
BCL88,1988,1989,3,N,1,0
BCL89,1989,1990,4,N,1,0
BCL90,1990,2000,4,N,10,1
BCL91,1991,1993,3,N,2,1
BCL93,1993,2008,2,N,15,1
BCL94,1994,1995,3,N,1,0
BCL95,1995,2005,1,N,10,1
BCL96,1996,2008,1,N,12,1
BDLFT,1973,1980,9,Q,7,1
BEA00,2000,2016,6,C,16,1
BEA04,2004,2004,6,Q,0,0
BEA05,2005,2014,1,S,9,1
BED12,2012,2014,8,S,2,1
BED14,2014,2014,6,Q,0,0
BED17,2017,2023,1,S,6,1
BEE88,1988,1988,6,D,0,0
BEE89,1989,1989,6,Q,0,0
BEE90,1990,1993,4,N,3,1
BEE91,1991,1992,3,N,1,0
BEE93,1993,2018,12,N,25,1
BEE94,1994,2000,11,S,6,1
BEE96,1996,1996,6,E,0,0
BEL08,2008,2013,9,S,5,1
BERTI,1993,2002,,Q,9,1
BET73,1973,1986,3,N,13,1
BET74,1974,1974,5,D,0,0
BET75,1975,1978,10,A,3,1
BET76,1976,1986,3,N,10,1
BET78,1978,1986,,Q,8,1
BET80,1980,1981,3,N,1,0
BGE20,2020,2023,8,S,3,1
BGE22,2022,2022,10,S,0,0
BGR74,1974,1979,7,S,5,1
BHN04,2004,2004,11,S,0,0
BIE00,2000,2000,10,Q,0,0
BIE01,2001,2013,5,C,12,1
BIE02,2002,2004,4,N,2,1
BIE03,2003,2004,2,N,1,0
BIE04,2004,2005,3,N,1,0
BIE06,2006,2008,7,Q,2,1
BIE08,2008,2009,2,N,1,0
BIE97,1997,2010,5,N,13,1
BIE99,1999,2000,3,N,1,0
BIG72,1972,1973,3,N,1,0
BIG73,1973,1973,6,Q,0,0
BIG74,1974,1976,3,N,2,1
BIG75,1975,1976,2,N,1,0
BIG76,1976,1988,10,Q,12,1
BIG78,1978,1979,4,N,1,0
BIG80,1980,1980,12,N,0,0
BIGHE,1968,1980,12,N,12,1
BIJ13,2013,2014,3,N,1,0
BIJ16,2016,2017,4,N,1,0
BIL84,1984,2000,2,N,16,1
BIL85,1985,1993,9,S,8,1
BILBO,1971,1978,8,S,7,1
BILLS,1963,1976,3,N,13,1
BILLY,2000,2006,,Q,6,1
BIS81,1981,1982,12,N,1,1
BIS83,1983,1983,9,N,0,0
BIS84,1984,1986,5,N,2,1
BIT01,2001,2009,3,Q,8,1
BIT03,2003,2003,10,S,0,0
BITES,1978,1992,1,N,14,1
BLC76,1976,1976,7,Q,0,0
BLC77,1977,1980,3,N,3,1
BLC79,1979,1979,6,D,0,0
BLC80,1980,1981,2,N,1,0
BLC81,1981,1995,3,N,14,1
BLC82,1982,1982,6,D,0,0
BLC84,1984,1984,6,Q,0,0
BLC85,1985,1986,3,N,1,0
BLC87,1987,1988,3,N,1,0
BLC88,1988,1988,6,Q,0,0
BLC89,1989,1990,3,N,1,0
BLF95,1995,2006,2,S,11,1
BLI19,2019,2020,3,N,1,0
BLINK,2005,2013,,Q,8,1
BLL18,2018,2019,1,S,1,
BLO72,1972,1990,1,N,18,1
BLO73,1973,1975,1,N,2,1
BLO74,1974,1975,4,N,1,0
BLO75,1975,1992,11,N,17,1
BLO78,1978,1986,9,S,8,1
BLO80,1980,1987,11,Q,7,1
BLO82,1982,1983,3,N,1,0
BLO85,1985,1986,1,N,1,0
BLOSS,1967,1986,1,N,19,1
BLT68,1968,1981,1,N,13,1
BLT69,1969,1985,2,N,16,1
BLT71,1971,1982,3,N,11,1
BLT72,1972,1981,4,N,9,1
BLT73,1973,1983,2,N,10,1
BLT75,1975,1992,12,N,17,1
BLT76,1976,1979,4,N,3,1
BLT78,1978,1978,7,Q,0,0
BLTLE,1961,1979,12,N,18,1
BMA10,2010,2010,6,D,0,0
BMA11,2011,2013,9,S,2,1
BMA12,2012,2013,9,S,1,1
BMA13,2013,2017,9,S,4,1
BMA15,2015,2017,1,S,2,1
BMA16,2016,2019,12,S,3,1
BMA19,2019,2019,12,S,0,0
BMB10,2010,2016,10,S,6,1
BMB12,2012,2013,1,N,1,0
BMB13,2013,2016,10,S,3,1
BMB14,2014,2015,4,Q,1,0
BMB15,2015,2015,5,B,0,0
BMY17,2017,2019,3,N,2,1
BMY19,2019,2023,9,S,4,1
BNG17,2017,2018,1,N,1,0
BNJ01,2001,2002,2,N,1,0
BNJ03,2003,2004,2,N,1,0
BNN00,2000,2000,6,Q,0,0
BNN01,2001,2001,6,D,0,0
BNN02,2002,2002,5,D,0,0
BNN03,2003,2005,3,N,2,1
BNN04,2004,2005,3,N,1,0
BNN98,1998,1998,6,A,0,0
BNN99,1999,2000,3,N,1,0
BNS07,2007,2011,10,S,4,1
BNS09,2009,2011,10,S,2,1
BNS10,2010,2010,12,S,0,0
BNT14,2014,2014,6,Q,0,0
BNT15,2015,2023,9,S,8,1
BNT16,2016,2016,10,S,0,0
BNX93,1993,2011,1,N,18,1
BNX94,1994,2008,1,N,14,1
BNX95,1995,2011,1,N,16,1
BNX96,1996,2007,,Q,11,1
BNX98,1998,2000,2,N,2,1
BNX99,1999,2000,2,N,1,0
BNY86,1986,1987,,Q,1,1
BNY87,1987,1987,6,Q,0,0
BOB23,2023,2023,5,W,0,0
BOBBY,2007,2020,,Q,13,1
BOE21,2021,2022,11,S,1,1
BOE22,2022,2022,5,Q,0,0
BOL21,2021,2022,3,N,1,0
BOL23,2023,2023,5,A,0,0
BOM04,2004,2010,10,S,6,1
BOM06,2006,2014,8,S,8,1
BON79,1979,1981,,Q,2,1
BON80,1980,1980,6,Q,0,0
BON81,1981,1987,12,S,6,1
BON83,1983,1997,3,N,14,1
BOO10,2010,2013,9,S,3,1
BOO12,2012,2013,4,N,1,0
BOO13,2013,2014,3,N,1,0
BOO15,2015,2023,11,S,8,1
BOO16,2016,2017,2,N,1,0
BOO17,2017,2018,3,N,1,0
BOO18,2018,2019,1,N,1,0
BOO20,2020,2021,2,N,1,0
BOO22,2022,2023,1,N,1,0
BORIS,2000,2009,,Q,9,1
BOSSS,1968,1981,3,A,13,1
BOT79,1979,1992,3,N,13,1
BOT81,1981,1983,3,N,2,1
BOT83,1983,1983,7,B,0,0
BOT84,1984,1986,3,N,2,1
BOT85,1985,1986,3,N,1,0
BOU09,2009,2010,11,S,1,1
BR274,1974,1988,4,N,14,1
BR276,1976,1977,3,A,1,0
BR277,1977,1977,5,Q,0,0
BR278,1978,1979,4,N,1,0
BR280,1980,1980,6,Q,0,0
BR281,1981,1982,2,N,1,0
BRA72,1972,1983,5,N,11,1
BRA73,1973,1973,6,Q,0,0
BRA74,1974,1979,10,S,5,1
BRA76,1976,1978,3,N,2,1
BRA77,1977,1988,,Q,11,1
BRA79,1979,1989,12,S,10,1
BRA80,1980,1980,6,Q,0,0
BRANN,1970,1983,4,N,13,1
BRAVO,2002,2016,,Q,14,1
BRB20,2020,2020,12,S,0,0
BRC76,1976,1980,9,S,4,1
BRC78,1978,1982,1,S,4,1
BRC80,1980,1981,2,A,1,0
BRC82,1982,1988,9,S,6,1
BRE91,1991,2001,11,S,10,1
BREAC,1966,1979,5,N,13,1
BREND,,1996,2,N,,
BRF74,1974,1982,2,N,8,1
BRF76,1976,1989,2,N,13,1
BRF79,1979,1993,3,N,14,1
BRF81,1981,1981,6,A,0,0
BRF82,1982,1983,5,N,1,1
BRG89,1989,1990,3,N,1,0
BRG90,1990,2004,3,N,14,1
BRG92,1992,1996,8,S,4,1
BRG94,1994,1995,6,Q,1,1
BRG95,1995,1997,2,N,2,1
BRG96,1996,1998,2,N,2,1
BRG98,1998,1999,4,N,1,0
BRIMS,2003,2013,,Q,10,1
BRLGS,1966,1975,4,N,9,1
BRO66,1966,1981,4,N,15,1
BRO70,1970,1982,3,N,12,1
BRO72,1972,1983,4,N,11,1
BROWH,1959,1974,,N,15,1
BROWN,2002,2012,,Q,10,1
BRS01,2001,2001,6,Q,0,0
BRS02,2002,2002,10,Q,0,0
BRS99,1999,1999,12,N,0,0
BRY06,2006,2006,6,B,0,0
BRY07,2007,2010,7,S,3,1
BRY09,2009,2014,7,S,5,1
BRY13,2013,2014,1,N,1,0
BRY15,2015,2015,5,Q,0,0
BRZ17,2017,2019,1,S,2,1
BRZ18,2018,2018,5,B,0,0
BRZ21,2021,2021,12,N,0,0
BSG14,2014,2014,5,D,0,0
BSG15,2015,2015,5,B,0,0
BSG16,2016,2019,8,S,3,1
BSG18,2018,2021,8,S,3,1
BSQ17,2017,2017,11,S,0,0
BST71,1971,1971,6,N,0,0
BST72,1972,1972,6,Q,0,0
BST73,1973,1983,9,Q,10,1
BST74,1974,1986,3,N,12,1
BST75,1975,1982,1,N,7,1
BST76,1976,1977,3,N,1,0
BST77,1977,1979,2,N,2,1
BSY02,2002,2011,10,S,9,1
BSY04,2004,2010,11,Q,6,1
BSY06,2006,2010,10,S,4,1
BTT09,2009,2010,3,N,1,0
BUA21,2021,2021,11,S,0,0
BUC77,1977,1979,1,N,2,1
BUC79,1979,1981,2,N,2,1
BUC81,1981,1981,6,D,0,0
BUC82,1982,2000,2,N,18,1
BUC83,1983,1984,1,N,1,0
BUC84,1984,1985,3,N,1,0
BUC85,1985,1985,7,Q,0,0
BUC86,1986,1989,2,N,3,1
BUC87,1987,1989,1,N,2,1
BUC88,1988,1988,6,B,0,0
BUC89,1989,1989,6,B,0,0
BUDDY,1967,1979,1,N,12,1
BUL65,1965,1980,1,N,15,1
BUL70,1970,1984,1,N,14,1
BUL71,1971,1986,1,N,15,1
BUL72,1972,1984,4,N,12,1
BUL73,1973,1989,6,C,16,1
BUL74,1974,1974,6,Q,0,0
BUL75,1975,1976,4,N,1,0
BULBY,1996,2006,,,10,1
BULGY,1961,1976,3,N,15,1
BUM04,2004,2005,1,Q,1,0
BUM06,2006,2012,6,C,6,1
BUM07,2007,2007,6,Q,0,0
BUM08,2008,2008,9,Q,0,0
BUM09,2009,2010,4,N,1,0
BUS90,1990,1992,12,S,2,1
BUS92,1992,2001,11,S,9,1
BUT00,2000,2001,4,A,1,0
BUT02,2002,2017,11,S,15,1
BUT03,2003,2005,2,N,2,1
BUT04,2004,2005,3,N,1,0
BUT05,2005,2006,4,N,1,0
BUT06,2006,2012,3,N,6,1
BUT07,2007,2008,2,N,1,0
BUT96,1996,2008,12,N,12,1
BUT98,1998,2005,4,N,7,1
BUT99,1999,2000,2,N,1,0
BUZZA,1992,2004,,Q,12,1
BWBLS,1968,1974,8,Q,6,1
BYL19,2019,2021,11,S,2,1
BYL21,2021,2021,11,S,0,0
BZK15,2015,2015,6,Q,0,0
BZK16,2016,2017,11,S,1,1
CAB17,2017,2017,11,S,0,0
CAESA,1960,1976,2,N,16,1
CAF89,1989,2001,12,S,12,1
CAF91,1991,1993,3,N,2,1
CAF93,1993,2002,10,S,9,1
CAF95,1995,1995,,Q,0,0
CAF96,1996,2000,4,N,4,1
CAF98,1998,2004,2,S,6,1
CAI69,1969,1970,,Q,1,1
CAI70,1970,1977,9,S,7,1
CAI71,1971,1974,8,S,3,1
CAI72,1972,1979,9,S,7,1
CAI73,1973,1973,6,Q,0,0
CAI74,1974,1979,8,S,5,1
CAI77,1977,1977,8,Q,0,0
CAILL,1958,1978,3,N,20,1
CAL78,1978,1979,3,N,1,0
CAL79,1979,1980,,Q,1,1
CAL82,1982,1995,4,N,13,1
CAL84,1984,2000,2,N,16,1
CAL85,1985,1988,6,C,3,1
CAL87,1987,1989,2,N,2,1
CAM11,2011,2013,9,S,2,1
CAM12,2012,2013,9,S,1,1
CAM13,2013,2017,9,S,4,1
CAM14,2014,2014,6,B,0,0
CAM15,2015,2015,11,S,0,0
CAN77,1977,1978,1,N,1,0
CAN79,1979,1979,6,D,0,0
CAN80,1980,1991,10,Q,11,1
CAN81,1981,1993,4,N,12,1
CAN82,1982,1992,2,N,10,1
CAN83,1983,1989,1,N,6,1
CAN84,1984,1984,6,E,0,0
CAN86,1986,1986,,Q,0,0
CAN87,1987,1994,,Q,7,1
CAN89,1989,1990,,Q,1,1
CAP82,1982,1982,9,B,0,0
CAP84,1984,1999,2,N,15,1
CAP85,1985,1986,3,N,1,0
CAP88,1988,1988,5,B,0,0
CAR79,1979,1981,2,N,2,1
CAR83,1983,1983,6,Q,0,0
CAR85,1985,1986,,Q,1,1
CASPR,2001,2009,,Q,8,1
CASSI,1965,1976,1,N,11,1
CAY02,2002,2002,6,Q,0,0
CAY04,2004,2006,7,S,2,1
CAY05,2005,2005,11,S,0,0
CBH11,2011,2017,8,S,6,1
CBH13,2013,2015,12,S,2,1
CBH15,2015,2019,9,S,4,1
CBH16,2016,2018,12,S,2,1
CBL06,2006,2007,1,N,1,0
CBL07,2007,2008,3,N,1,0
CBL09,2009,2010,4,N,1,0
CBS11,2011,2013,9,S,2,1
CBS13,2013,2022,6,G,9,1
CBS17,2017,2017,12,N,0,0
CBT12,2012,2012,6,Q,0,0
CBT13,2013,2013,5,Q,0,0
CBT14,2014,2014,1,S,0,0
CCA01,2001,2001,12,S,0,0
CCH10,2010,2013,7,S,3,1
CCH15,2015,2019,8,S,4,1
CCH16,2016,2022,8,S,6,1
CCH17,2017,2018,2,N,1,0
CCH19,2019,2019,6,Q,0,0
CCH20,2020,2021,2,N,1,0
CCK07,2007,2018,12,S,11,1
CCK08,2008,2011,6,C,3,1
CCL06,2006,2006,5,E,0,0
CCL07,2007,2009,3,N,2,1
CCO87,1987,2001,4,N,14,1
CCO89,1989,1989,6,Q,0,0
CCO90,1990,1992,10,S,2,1
CCO91,1991,1993,4,N,2,1
CCO94,1994,1995,5,N,1,1
CCO95,1995,2002,7,S,7,1
CCO97,1997,1998,2,N,1,0
CCT16,2016,2018,1,S,2,1
CDN11,2011,2011,6,A,0,0
CDN13,2013,2014,2,N,1,0
CDN14,2014,2015,3,N,1,0
CDN15,2015,2021,10,S,6,1
CDN16,2016,2017,1,N,1,0
CDN17,2017,2017,7,Q,0,0
CDN18,2018,2022,7,S,4,1
CDN20,2020,2020,6,B,0,0
CDY19,2019,2019,7,Q,0,0
CDY21,2021,2022,4,N,1,0
CECIL,1964,1977,1,N,13,1
CED00,2000,2013,11,S,13,1
CED02,2002,2009,12,S,7,1
CED03,2003,2005,3,N,2,1
CED04,2004,2010,12,S,6,1
CED99,1999,2009,1,S,10,1
CEDRI,1995,2010,4,N,15,1
CEE98,1998,1998,6,Q,0,0
CEL01,2001,2002,2,N,1,0
CEL94,1994,1994,11,N,0,0
CEL95,1995,1998,6,C,3,1
CEL97,1997,2006,9,S,9,1
CEL99,1999,2000,4,N,1,0
CER06,2006,2006,6,Q,0,0
CER07,2007,2007,5,Q,0,0
CER08,2008,2011,10,S,3,1
CES16,2016,2016,5,Q,0,0
CES19,2019,2022,11,S,3,1
CET06,2006,2007,3,N,1,0
CET07,2007,2008,3,N,1,0
CET08,2008,2009,3,N,1,0
CET09,2009,2010,2,N,1,0
CET10,2010,2011,4,N,1,0
CET11,2011,2012,2,N,1,0
CET12,2012,2018,1,S,6,1
CET13,2013,2013,5,B,0,0
CET14,2014,2015,4,N,1,0
CET16,2016,2016,6,A,0,0
CET17,2017,2018,3,N,1,0
CET22,2022,2023,3,N,1,0
CFI86,1986,1986,9,B,0,0
CFI88,1988,1989,2,N,1,0
CFI89,1989,1990,3,N,1,0
CFI91,1991,1992,4,N,1,0
CFI92,1992,1992,7,Q,0,0
CFI94,1994,2009,2,N,15,1
CFU80,1980,1981,3,N,1,0
CFU82,1982,1995,3,N,13,1
CFU87,1987,1998,2,N,11,1
CFU89,1989,1991,4,N,2,1
CGH00,2000,2010,8,C,10,1
CGH91,1991,1993,2,N,2,1
CGH93,1993,1994,3,N,1,0
CGH94,1994,2010,12,N,16,1
CGH95,1995,2009,3,N,14,1
CGH97,1997,2005,10,S,8,1
CGH99,1999,1999,5,Q,0,0
CHA92,1992,1993,2,N,1,0
CHD05,2005,2017,2,N,12,1
CHD06,2006,2007,3,N,1,0
CHD07,2007,2007,6,B,0,0
CHD11,2011,2011,6,B,0,0
CHD13,2013,2013,5,B,0,0
CHE73,1973,1982,2,N,9,1
CHE74,1974,1975,1,N,1,0
CHE76,1976,1985,10,Q,9,1
CHE77,1977,1979,3,N,2,1
CHE78,1978,1978,7,A,0,0
CHE80,1980,1993,3,N,13,1
CHE81,1981,1981,10,Q,0,0
CHE82,1982,1996,10,Q,14,1
CHE84,1984,1986,3,N,2,1
CHEKO,2013,2021,9,S,8,1
CHEST,1981,1992,4,N,11,1
CHF04,2004,2004,6,Q,0,0
CHF07,2007,2011,11,S,4,1
CHI87,1987,1989,3,N,2,1
CHI89,1989,1995,11,S,6,1
CHI91,1991,1991,6,Q,0,0
CHK07,2007,2017,3,N,10,1
CHK09,2009,2018,9,S,9,1
CHK12,2012,2017,11,S,5,1
CHK15,2015,2017,11,S,2,1
CHK18,2018,2019,2,S,1,
CHL00,2000,2003,9,S,3,1
CHL02,2002,2003,10,S,1,1
CHL03,2003,2003,10,S,0,0
CHL98,1998,2002,7,S,4,1
CHL99,1999,1999,6,Q,0,0
CHM08,2008,2009,1,Q,1,0
CHM10,2010,2022,10,S,12,1
CHM12,2012,2012,5,Q,0,0
CHM13,2013,2022,6,A,9,1
CHM14,2014,2019,7,S,5,1
CHM15,2015,2020,10,S,5,1
CHN01,2001,2008,8,S,7,1
CHN03,2003,2018,3,N,15,1
CHN04,2004,2004,5,Q,0,0
CHN05,2005,2009,10,S,4,1
CHN06,2006,2019,12,S,13,1
CHN08,2008,2010,9,S,2,1
CHO72,1972,1981,10,A,9,1
CHO73,1973,1988,1,N,15,1
CHO74,1974,1974,6,A,0,0
CHO75,1975,1986,7,Q,11,1
CHO76,1976,1981,7,S,5,1
CHO77,1977,1979,4,N,2,1
CHO78,1978,1980,2,N,2,1
CHOCH,1964,1980,3,N,16,1
CHP89,1989,1989,6,Q,0,0
CHP90,1990,2002,7,S,12,1
CHP91,1991,1991,6,B,0,0
CHP92,1992,1993,2,N,1,0
CHP94,1994,2004,8,C,10,1
CHRIS,1974,1984,4,N,10,1
CHU95,1995,2000,8,S,5,1
CHU97,1997,1997,10,S,0,0
CHY12,2012,2016,11,S,4,1
CHY14,2014,2017,12,S,3,1
CIN76,1976,1988,4,N,12,1
CIN78,1978,1988,1,N,10,1
CIN80,1980,1982,3,N,2,1
CIN82,1982,1983,4,N,1,0
CLA82,1982,1983,3,N,1,0
CLA83,1983,1984,4,N,1,0
CLA85,1985,1999,4,N,14,1
CLA87,1987,1993,2,N,6,1
CLA89,1989,1990,3,N,1,0
CLC75,1975,1986,,Q,11,1
CLC76,1976,1976,6,E,0,0
CLC78,1978,1984,7,C,6,1
CLC80,1980,1993,3,N,13,1
CLC81,1981,1981,7,Q,0,0
CLC82,1982,1989,2,N,7,1
CLC83,1983,1989,8,S,6,1
CLC85,1985,1987,3,N,2,1
CLC86,1986,1986,6,Q,0,0
CLC87,1987,1987,6,Q,0,0
CLC89,1989,1989,6,Q,0,0
CLC90,1990,1990,7,Q,0,0
CLD81,1981,1981,5,A,0,0
CLE70,1970,1973,6,C,3,1
CLE71,1971,1971,5,Q,0,0
CLE72,1972,1982,3,N,10,1
CLE73,1973,1980,2,A,7,1
CLE74,1974,1986,4,N,12,1
CLE75,1975,1987,3,N,12,1
CLE76,1976,1987,3,N,11,1
CLE77,1977,1990,3,N,13,1
CLE79,1979,1979,9,Q,0,0
CLE80,1980,1980,6,Q,0,0
CLE81,1981,1981,12,N,0,0
CLEOP,1964,1982,2,N,18,1
CLK04,2004,2022,1,N,18,1
CLK06,2006,2012,1,S,6,1
CLK08,2008,2008,5,,0,0
CLL01,2001,2001,7,Q,0,0
CLL02,2002,2008,1,S,6,1
CLL03,2003,2003,6,Q,0,0
CLL04,2004,2005,2,N,1,0
CLL07,2007,2009,3,Q,2,1
CLM78,1978,1978,6,D,0,0
CLM79,1979,1991,3,N,12,1
CLM80,1980,1982,3,N,2,1
CLM82,1982,1988,11,S,6,1
CLM84,1984,1986,5,N,2,1
CLM85,1985,1986,3,N,1,0
CLO93,1993,1995,3,N,2,1
CLO94,1994,1995,3,N,1,0
CLO95,1995,2006,4,N,11,1
CLO96,1996,2012,1,N,16,1
CLO97,1997,1997,6,B,0,0
CLR06,2006,2006,6,Q,0,0
CLR07,2007,2008,3,N,1,0
CLR09,2009,2010,3,N,1,0
CLR11,2011,2011,9,Q,0,0
CLR13,2013,2014,3,N,1,0
CLR16,2016,2017,1,N,1,0
CLS16,2016,2021,9,S,5,1
CLS17,2017,2020,11,S,3,1
CLS19,2019,2022,12,S,3,1
CLS20,2020,2022,12,S,2,1
CLT00,2000,2001,2,,1,0
CLT91,1991,1991,9,Q,0,0
CLT93,1993,1994,4,N,1,0
CLT94,1994,1995,3,N,1,0
CLT95,1995,2010,3,N,15,1
CLT96,1996,1999,2,N,3,1
CLT97,1997,2012,2,N,15,1
CLT98,1998,1999,2,N,1,0
CLU97,1997,1997,6,B,0,0
CLV06,2006,2012,8,S,6,1
CLV09,2009,2016,9,S,7,1
CLW00,2000,2017,2,N,17,1
CLW01,2001,2001,6,Q,0,0
CLW04,2004,2005,3,N,1,0
CLW06,2006,2009,9,S,3,1
CLW07,2007,2008,3,N,1,0
CLW10,2010,2010,12,S,0,0
CLW97,1997,1997,6,D,0,0
CLW98,1998,1998,8,Q,0,0
CLW99,1999,2000,1,N,1,0
CLYDE,1970,1981,2,N,11,1
CMA14,2014,2021,9,S,7,1
CMA21,2021,2022,2,S,1,
CMB16,2016,2017,3,N,1,0
CME23,2023,2023,7,Q,0,0
CMO77,1977,1990,3,N,13,1
CMO78,1978,1991,2,N,13,1
CMR01,2001,2001,6,Q,0,0
CMR02,2002,2006,10,S,4,1
CMR04,2004,2005,3,N,1,0
CMR05,2005,2015,4,N,10,1
CMR11,2011,2012,2,N,1,0
CMT05,2005,2005,5,A,0,0
CMT06,2006,2011,10,S,5,1
CMT08,2008,2010,1,S,2,1
CMT10,2010,2013,1,S,3,1
CMT11,2011,2013,7,S,2,1
CMT14,2014,2014,11,S,0,0
CND02,2002,2004,11,S,2,1
CND03,2003,2012,1,S,9,1
CND04,2004,2015,6,C,11,1
CND06,2006,2023,1,N,17,1
CND07,2007,2015,10,R,8,1
CND08,2008,2013,7,S,5,1
CND13,2013,2015,2,N,2,1
CND14,2014,2015,3,N,1,0
CND15,2015,2017,3,N,2,1
CNE04,2004,2005,12,S,1,1
CNE05,2005,2005,12,S,0,0
CNK04,2004,2021,,Q,17,1
CNK09,2009,2009,6,Q,0,0
CNK16,2016,2016,5,B,0,0
CNM99,1999,1999,11,S,0,0
CNN04,2004,2005,1,N,1,0
CNN06,2006,2008,2,N,2,1
CNN08,2008,2008,12,N,0,0
CNN09,2009,2010,4,N,1,0
CNN11,2011,2012,3,N,1,0
CNT10,2010,2013,9,S,3,1
COB77,1977,1981,8,S,4,1
COB80,1980,1996,11,N,16,1
COB82,1982,1985,,Q,3,1
COB84,1984,1986,,Q,2,1
COB85,1985,1986,,Q,1,1
COB87,1987,1987,6,Q,0,0
COB88,1988,1989,2,N,1,0
COC72,1972,1985,,Q,13,1
COC74,1974,1985,10,A,11,1
COC75,1975,1986,,Q,11,1
COC76,1976,1986,,Q,10,1
COCKL,1969,1985,11,N,16,1
COF01,2001,2014,1,S,13,1
COI77,1977,1988,3,N,11,1
COINH,1972,1986,3,N,14,1
COL72,1972,1992,3,N,20,1
COL73,1973,1986,3,N,13,1
COL74,1974,1989,2,N,15,1
COL75,1975,1979,12,N,4,1
COL76,1976,1982,9,S,6,1
COL78,1978,1986,4,N,8,1
COL79,1979,1989,3,N,10,1
COL80,1980,1997,1,N,17,1
COL82,1982,1983,4,N,1,0
COLLE,1969,1983,3,N,14,1
COM14,2014,2017,6,S,3,1
COM16,2016,2017,12,S,1,1
COM17,2017,2017,6,Q,0,0
COM18,2018,2023,11,S,5,1
COM19,2019,2022,12,S,3,1
COM20,2020,2022,12,S,2,1
COM21,2021,2022,12,S,1,1
COM22,2022,2022,6,Q,0,0
COM23,2023,2023,6,,0,0
CONAR,1968,1981,1,A,13,1
CONFI,1982,1997,4,N,15,1
CONGA,1967,1977,5,Q,10,1
COO95,1995,1995,6,Q,0,0
COO96,1996,1997,2,N,1,0
COO97,1997,1999,2,N,2,1
COO98,1998,2000,3,N,2,1
COO99,1999,1999,3,,0,0
COP85,1985,1986,1,N,1,0
COQ94,1994,2002,10,S,8,1
COQ95,1995,1996,11,S,1,1
COR76,1976,1976,6,E,0,0
COR77,1977,1977,6,Q,0,0
COR78,1978,1978,6,Q,0,0
COR80,1980,1980,6,Q,0,0
COR81,1981,1983,4,N,2,1
CORKS,1971,1982,3,N,11,1
COT78,1978,1982,1,N,4,1
COT79,1979,1985,,Q,6,1
COU90,1990,1990,6,B,0,0
COU91,1991,1992,3,N,1,0
COU94,1994,1994,6,A,0,0
COU95,1995,1995,6,A,0,0
COU96,1996,1997,3,N,1,0
COW79,1979,1991,10,S,12,1
COW80,1980,1986,8,S,6,1
COY71,1971,1975,8,S,4,1
COY72,1972,1976,9,S,4,1
COY74,1974,1974,7,E,0,0
COY75,1975,1981,11,Q,6,1
COY76,1976,1989,2,N,13,1
COYHI,1963,1977,11,S,14,1
CPBPT,1975,1989,3,N,14,1
CPP99,1999,2001,7,S,2,1
CPS00,2000,2002,10,S,2,1
CPS97,1997,2005,11,S,8,1
CPS99,1999,1999,12,N,0,0
CPY06,2006,2008,2,N,2,1
CPY08,2008,2009,3,N,1,0
CPY09,2009,2012,9,S,3,1
CPY12,2012,2012,5,Q,0,0
CPY13,2013,2014,3,N,1,0
CPY18,2018,2018,6,Q,0,0
CPY19,2019,2022,4,N,3,1
CPY20,2020,2021,1,N,1,0
CRA80,1980,1980,9,Q,0,0
CRA81,1981,1986,4,N,5,1
CRA82,1982,1984,3,N,2,1
CRA83,1983,1983,10,Q,0,0
CRA84,1984,1986,3,N,2,1
CRA85,1985,1986,4,N,1,0
CRA86,1986,1988,1,N,2,1
CRA87,1987,1988,4,N,1,0
CRAGS,1988,2000,3,N,12,1
CRB88,1988,1989,3,N,1,0
CRB90,1990,1993,3,N,3,1
CRB91,1991,1992,3,N,1,0
CRB93,1993,1993,6,Q,0,0
CRB95,1995,2011,4,Q,16,1
CRB97,1997,2006,,Q,9,1
CRC91,1991,2002,10,S,11,1
CRD01,2001,2001,11,S,0,0
CRD96,1996,1999,11,S,3,1
CRE80,1980,1992,12,N,12,1
CRE82,1982,1983,4,N,1,0
CRE84,1984,1989,10,Q,5,1
CRE85,1985,1985,9,Q,0,0
CRL88,1988,1988,5,B,0,0
CRM01,2001,2014,2,S,13,1
CRM05,2005,2009,1,S,4,1
CRM07,2007,2009,1,S,2,1
CRM99,1999,2010,12,S,11,1
CRN91,1991,1991,10,S,0,0
CRO88,1988,1989,3,N,1,0
CRO90,1990,1999,4,N,9,1
CRO92,1992,1993,3,N,1,0
CROSS,1984,1993,11,S,9,1
CROTT,1966,1982,2,N,16,1
CRS92,1992,1995,11,S,3,1
CRS95,1995,1995,7,N,0,0
CRT70,1970,1971,,N,1,1
CRT71,1971,1979,10,A,8,1
CRT72,1972,1982,3,N,10,1
CRT73,1973,1974,3,N,1,0
CRT74,1974,1986,3,N,12,1
CRT75,1975,1976,3,N,1,0
CRT76,1976,1993,1,N,17,1
CRT77,1977,1989,4,N,12,1
CRT79,1979,1980,3,N,1,0
CRT81,1981,1981,12,N,0,0
CRX10,2010,2011,4,N,1,0
CRX12,2012,2014,8,S,2,1
CRY83,1983,1983,6,Q,0,0
CRY90,1990,1998,6,S,8,1
CSH07,2007,2007,6,B,0,0
CSH08,2008,2009,3,N,1,0
CSH09,2009,2012,9,S,3,1
CSH11,2011,2012,1,N,1,0
CSH12,2012,2013,4,N,1,0
CSH13,2013,2013,12,N,0,0
CSH14,2014,2014,12,N,0,0
CSH15,2015,2015,6,B,0,0
CSH16,2016,2017,1,N,1,0
CSK01,2001,2002,3,N,1,0
CSK03,2003,2004,1,N,1,0
CSK93,1993,2008,3,N,15,1
CSK94,1994,1994,5,A,0,0
CSK95,1995,2009,3,N,14,1
CSK97,1997,1999,3,N,2,1
CSK98,1998,2005,4,N,7,1
CSK99,1999,2008,3,N,9,1
CUC84,1984,1997,2,N,13,1
CUC85,1985,1986,4,N,1,0
CUC87,1987,1996,7,N,9,1
CUC88,1988,1988,7,Q,0,0
CUC90,1990,1993,3,N,3,1
CUC91,1991,2007,3,N,16,1
CUC93,1993,1994,3,N,1,0
CUC94,1994,1995,3,N,1,0
CUM00,2000,2002,8,S,2,1
CUM02,2002,2002,11,S,0,0
CUM95,1995,1999,7,S,4,1
CUM97,1997,2000,11,S,3,1
CUM98,1998,2001,10,S,3,1
CUR78,1978,1992,3,N,14,1
CUR79,1979,1979,8,Q,0,0
CUR80,1980,1980,6,D,0,0
CUR81,1981,1993,3,N,12,1
CUR83,1983,1986,6,Q,3,1
CUR84,1984,1995,3,N,11,1
CUR85,1985,1994,10,N,9,1
CWR84,1984,1986,4,N,2,1
CWR86,1986,1987,1,N,1,0
CWR87,1987,1988,3,N,1,0
CWR88,1988,1989,2,N,1,0
CWR90,1990,1991,2,N,1,0
CWR91,1991,1992,2,N,1,0
CWR92,1992,1992,12,N,0,0
CYA09,2009,2009,6,Q,0,0
CYA10,2010,2010,6,Q,0,0
CYA12,2012,2013,1,S,1,
CYP20,2020,2023,8,S,3,1
DAI08,2008,2008,10,Q,0,0
DAI12,2012,2018,10,S,6,1
DAI14,2014,2014,12,N,0,0
DAK13,2013,2014,3,N,1,0
DAK14,2014,2014,6,Q,0,0
DAK15,2015,2020,10,S,5,1
DAK16,2016,2020,7,G,4,1
DAK19,2019,2019,5,Q,0,0
DAK22,2022,2022,6,Q,0,0
DAN86,1986,1987,3,N,1,0
DAN87,1987,1987,6,Q,0,0
DAN90,1990,2005,4,N,15,1
DAN91,1991,1992,3,N,1,0
DAN92,1992,1993,1,N,1,0
DAN93,1993,1993,7,A,0,0
DAN94,1994,1995,3,N,1,0
DAN95,1995,2018,4,N,23,1
DAN96,1996,1997,3,N,1,0
DAN97,1997,1998,4,N,1,0
DAN99,1999,2000,2,N,1,0
DANDP,2001,2014,,Q,13,1
DAR77,1977,1979,4,N,2,1
DAR79,1979,1980,5,N,1,1
DAR82,1982,1983,3,N,1,0
DARWI,2004,2012,,Q,8,1
DAW09,2009,2013,10,S,4,1
DAW14,2014,2015,3,N,1,0
DAW16,2016,2018,4,N,2,1
DBL89,1989,1998,10,S,9,1
DEC79,1979,1983,11,Q,4,1
DEC81,1981,1984,10,A,3,1
DEG89,1989,1990,3,N,1,0
DEN11,2011,2017,1,S,6,1
DEN13,2013,2013,5,Q,0,0
DEO03,2003,2009,1,S,6,1
DEO05,2005,2008,11,N,3,1
DEO07,2007,2013,7,S,6,1
DEO08,2008,2008,6,Q,0,0
DEW16,2016,2016,6,Q,0,0
DEW17,2017,2018,3,N,1,0
DEW20,2020,2020,5,Q,0,0
DEW21,2021,2022,4,N,1,0
DHA94,,1994,1,N,,
DIAMO,1977,1989,3,N,12,1
DIC88,1988,1989,2,N,1,0
DIC89,1989,1992,2,S,3,1
DIC90,1990,2002,,Q,12,1
DIC91,1991,1992,3,N,1,0
DIC92,1992,1993,3,N,1,0
DIC93,1993,1995,3,N,2,1
DIC94,1994,2011,1,A,17,1
DIC95,1995,2016,10,N,21,1
DIC96,1996,1999,8,A,3,1
DIC98,1998,1999,3,N,1,0
DIC99,1999,2000,1,N,1,0
DICKS,1970,1982,3,N,12,1
DID04,2004,2005,2,N,1,0
DID06,2006,2019,11,S,13,1
DID08,2008,2016,11,S,8,1
DID09,2009,2014,1,S,5,1
DID12,2012,2014,1,S,2,1
DID14,2014,2015,4,N,1,0
DID15,2015,2015,3,Q,0,0
DIL01,2001,2005,11,S,4,1
DIL95,1995,1995,12,N,0,0
DIL97,1997,1997,7,Q,0,0
DIL99,1999,2007,10,S,8,1
DIT88,1988,1988,6,Q,0,0
DIT90,1990,1990,6,Q,0,0
DIT91,1991,1993,1,N,2,1
DIT92,1992,1993,1,N,1,0
DMS01,2001,2001,11,S,0,0
DOC00,2000,2002,2,N,2,1
DOC01,2001,2002,1,N,1,0
DOC03,2003,2004,2,N,1,0
DOC92,1992,1992,6,Q,0,0
DOC93,1993,1995,4,N,2,1
DOC94,1994,2009,3,N,15,1
DOC95,1995,2008,,Q,13,1
DOC96,1996,2012,5,N,16,1
DOC97,1997,2001,9,Q,4,1
DOC98,1998,1999,3,N,1,0
DOC99,1999,2000,3,N,1,0
DOD86,1986,1986,6,B,0,0
DOO90,1990,1991,2,N,1,0
DOR75,1975,1979,10,S,4,1
DOR76,1976,1976,6,D,0,0
DOR77,1977,1982,9,S,5,1
DOR78,1978,1991,7,A,13,1
DOR80,1980,1982,3,N,2,1
DOR82,1982,1991,12,S,9,1
DOT00,2000,2001,3,N,1,0
DOT02,2002,2014,3,N,12,1
DOT04,2004,2005,4,N,1,0
DOT97,1997,1999,3,N,2,1
DOW01,2001,2001,6,Q,0,0
DOW99,1999,1999,6,B,0,0
DPU95,1995,2004,8,S,9,1
DPU98,1998,1998,10,S,0,0
DRE12,2012,2018,10,S,6,1
DRE14,2014,2021,8,S,7,1
DRE15,2015,2018,10,S,3,1
DRE16,2016,2016,5,Q,0,0
DRO21,2021,2022,3,N,1,0
DRP03,2003,2003,6,Q,0,0
DRP04,2004,2005,11,S,1,1
DRP05,2005,2005,11,S,0,0
DSA07,2000,2007,10,A,7,1
DSA97,1983,1997,4,,14,1
DSA98,1994,1998,4,Q,4,1
DSA99,,1999,3,Q,,
DSB18,2011,2018,8,S,7,1
DSD17,2004,2018,3,N,14,1
DTN04,2004,2009,12,S,5,1
DTN06,2006,2006,6,Q,0,0
DUB06,2006,2006,10,Q,0,0
DUB10,2010,2010,7,Q,0,0
DUB11,2011,2018,11,S,7,1
DUB12,2012,2013,4,S,1,
DUB13,2013,2016,11,S,3,1
DUB14,2014,2018,11,S,4,1
DUB15,2015,2020,12,S,5,1
DUB16,2016,2018,1,S,2,1
DUI86,1986,1986,6,B,0,0
DUI87,1987,1995,9,S,8,1
DUI89,1989,1992,12,S,3,1
DUI91,1991,1991,12,S,0,0
DUN87,1987,1988,1,N,1,0
DUN89,1989,2002,3,N,13,1
DUN91,1991,1993,3,N,2,1
DUN93,1993,1994,3,N,1,0
DUN94,1994,1995,3,N,1,0
DUNST,1986,1998,12,Q,12,1
EBO87,1987,1987,6,Q,0,0
EBO88,1988,1989,6,N,1,1
EBO90,1990,2004,4,N,14,1
EBO92,1992,1993,2,N,1,0
EDA09,2009,2010,3,N,1,0
EDA10,2010,2010,10,Q,0,0
EDA13,2013,2013,5,A,0,0
EDA14,2014,2015,6,N,1,1
EDA16,2016,2017,1,N,1,0
EDD13,2013,2021,12,S,8,1
EDD14,2014,2019,10,S,5,1
EDD18,2018,2019,1,S,1,
EDD19,2019,2019,6,Q,0,0
EGR90,1990,1990,6,Q,0,0
EGR91,1991,2005,3,N,14,1
EGR93,1993,2006,1,N,13,1
EGR94,1994,1995,1,N,1,0
EGR95,1995,2008,1,S,13,1
EGR96,1996,2002,,Q,6,1
EID01,2001,2010,2,N,9,1
EID03,2003,2018,1,N,15,1
EID05,2005,2007,1,N,2,1
EID07,2007,2008,3,N,1,0
EID09,2009,2010,1,N,1,0
EID97,1997,1999,3,N,2,1
EIF81,1981,1993,3,N,12,1
ELA15,2015,2017,3,N,2,1
ELA17,2017,2018,2,N,1,0
ELE91,1991,1991,6,Q,0,0
ELE92,1992,1992,9,Q,0,0
ELF83,1983,1983,7,B,0,0
ELF84,1984,1984,7,B,0,0
ELG66,1966,1978,11,S,12,1
ELG68,1968,1982,2,N,14,1
ELG70,1970,1971,,N,1,1
ELG71,1971,1983,4,N,12,1
ELG72,1972,1972,7,Q,0,0
ELG73,1973,1973,6,Q,0,0
ELGRE,1959,1973,11,N,14,1
ELI19,2019,2019,6,Q,0,0
ELK17,2017,2021,12,S,4,1
ELK18,2018,2023,10,S,5,1
ELK19,2019,2021,8,S,2,1
ELK21,2021,2022,10,S,1,1
ELSIV,1968,1979,4,N,11,1
EMB08,2008,2013,12,S,5,1
EMB10,2010,2013,8,S,3,1
EMB12,2012,2020,1,S,8,1
EMB13,2013,2013,12,N,0,0
EMB14,2014,2019,9,S,5,1
EMB15,2015,2015,6,,0,0
EME21,2021,2021,11,S,0,0
EMU15,2015,2016,3,N,1,0
EMU16,2016,2017,3,N,1,0
EMU20,2020,2023,9,S,3,1
EMU21,2021,2023,2,S,2,1
ENGLE,2001,2009,,Q,8,1
EOL86,1986,1992,9,Q,6,1
EOL88,1988,1988,6,D,0,0
EOL91,1991,1991,10,Q,0,0
EQU92,1992,1993,2,N,1,0
ESP05,2005,2005,6,Q,0,0
ETHEL,1964,1979,3,Q,15,1
ETN01,2001,2003,9,S,2,1
ETN03,2003,2005,9,S,2,1
ETN97,1997,1999,8,S,2,1
EXO85,1985,1985,6,B,0,0
FAG77,1977,1978,3,N,1,0
FAG79,1979,1989,3,N,10,1
FAG81,1981,1982,2,N,1,0
FAL03,2003,2009,10,S,6,1
FAL04,2004,2004,8,B,0,0
FAL98,1998,1998,6,Q,0,0
FAL99,1999,2009,11,S,10,1
FAMIL,1970,1977,9,S,7,1
FAN83,1983,1984,2,N,1,0
FAN85,1985,2000,4,N,15,1
FAN86,1986,1987,4,N,1,0
FAN87,1987,1989,4,N,2,1
FAN88,1988,2000,3,N,12,1
FAN90,1990,2008,2,N,18,1
FAN92,1992,1992,5,E,0,0
FAN93,1993,2005,5,N,12,1
FAN94,1994,1994,6,W,0,0
FAN95,1995,1995,8,Q,0,0
FAN96,1996,1996,5,Q,0,0
FAT20,2020,2020,6,B,0,0
FBB22,2022,2022,6,B,0,0
FDL00,2000,2015,3,N,15,1
FDL03,2003,2016,11,N,13,1
FDL05,2005,2005,7,Q,0,0
FDL93,1993,1995,3,N,2,1
FDL94,1994,2004,1,S,10,1
FDL96,1996,2004,3,N,8,1
FDL99,1999,2016,3,N,17,1
FEA85,1985,1986,1,N,1,0
FEA88,1988,1989,2,N,1,0
FEA89,1989,1990,3,N,1,0
FEA90,1990,1996,7,S,6,1
FEA91,1991,1992,3,N,1,0
FEA93,1993,1998,4,A,5,1
FEA94,1994,2002,10,A,8,1
FEA95,1995,2002,9,Q,7,1
FEA96,1996,1996,6,A,0,0
FEA97,1997,1999,3,N,2,1
FEA98,1998,1998,8,Q,0,0
FEA99,1999,1999,9,Q,0,0
FEE70,1970,1975,8,S,5,1
FEE71,1971,1983,3,N,12,1
FEE72,1972,1976,9,S,4,1
FEE73,1973,1983,3,N,10,1
FEE74,1974,1975,3,N,1,0
FEE75,1975,1981,3,N,6,1
FEEDE,1966,1976,3,N,10,1
FEM73,1973,1973,6,B,0,0
FEN86,1986,1992,8,S,6,1
FEN89,1989,1999,10,S,10,1
FEN90,1990,2003,,Q,13,1
FEN91,1991,1997,8,S,6,1
FEN92,1992,1993,4,N,1,0
FERDI,1966,1980,3,N,14,1
FIB12,2012,2013,11,S,1,1
FIB13,2013,2013,11,S,0,0
FID82,1982,1983,3,N,1,0
FID83,1983,1984,4,N,1,0
FID84,1984,1986,4,N,2,1
FID85,1985,1986,3,N,1,0
FID86,1986,1993,3,N,7,1
FID87,1987,1988,3,N,1,0
FID88,1988,1989,3,N,1,0
FID89,1989,1990,2,N,1,0
FID90,1990,1991,3,N,1,0
FIE87,1987,1989,3,N,2,1
FIE90,1990,1991,5,N,1,1
FIE92,1992,1993,2,N,1,0
FIJ98,1998,1999,3,N,1,0
FIL85,1985,1985,6,Q,0,0
FIL86,1986,1997,8,Q,11,1
FIL90,1990,1996,11,S,6,1
FIL92,1992,1995,9,S,3,1
FIN93,1993,2001,11,S,8,1
FIN97,1997,1999,10,S,2,1
FIN99,1999,1999,6,Q,0,0
FINGA,1966,1978,3,A,12,1
FIR74,1974,1974,5,B,0,0
FIR75,1975,1988,1,N,13,1
FIR76,1976,1976,6,Q,0,0
FIR77,1977,1979,3,N,2,1
FIR78,1978,1978,6,D,0,0
FIR79,1979,1980,3,Q,1,0
FIR81,1981,1982,3,N,1,0
FIR83,1983,1984,1,N,1,0
FIS85,1985,1986,3,N,1,0
FLA84,1984,1984,6,Q,0,0
FLA85,1985,1992,11,S,7,1
FLA86,1986,1986,6,Q,0,0
FLA87,1987,1989,3,N,2,1
FLA90,1990,1998,7,S,8,1
FLA91,1991,1993,3,N,2,1
FLA93,1993,2008,,,15,1
FLG00,2000,2015,,Q,15,1
FLG95,1995,1995,6,B,0,0
FLG96,1996,1996,5,Q,0,0
FLG97,1997,2000,10,Q,3,1
FLG98,1998,2014,2,N,16,1
FLINT,1976,1988,3,N,12,1
FLM15,2015,2018,8,S,3,1
FLM16,2016,2020,9,S,4,1
FLM19,2019,2020,1,S,1,
FLR99,1999,1999,10,B,0,0
FLU10,2010,2011,4,N,1,0
FLU12,2012,2012,5,Q,0,0
FLU13,2013,2014,11,S,1,1
FLU14,2014,2014,6,D,0,0
FLU15,2015,2015,6,D,0,0
FLU16,2016,2017,12,S,1,1
FLY78,1978,1979,3,N,1,0
FLY80,1980,1980,11,N,0,0
FLY82,1982,1982,6,D,0,0
FLY83,1983,1984,4,N,1,0
FLY84,1984,1984,6,Q,0,0
FLY86,1986,2000,4,N,14,1
FMR04,2004,2005,3,N,1,0
FMR06,2006,2013,11,S,7,1
FMR08,2008,2009,3,N,1,0
FMR09,2009,2010,12,N,1,1
FNY01,2001,2001,12,A,0,0
FOK22,2022,2022,11,S,0,0
FOL75,1975,1982,11,A,7,1
FOL77,1977,1989,3,N,12,1
FOL80,1980,1980,6,A,0,0
FOL81,1981,1989,12,N,8,1
FOL83,1983,1985,4,N,2,1
FOL84,1984,1997,1,N,13,1
FOL86,1986,1987,3,N,1,0
FOL88,1988,1989,2,N,1,0
FOP01,2001,2002,3,N,1,0
FOP03,2003,2005,1,N,2,1
FOP04,2004,2004,6,Q,0,0
FOP05,2005,2005,4,,0,0
FOP94,1994,1995,3,N,1,0
FOP95,1995,1995,6,Q,0,0
FOP96,1996,1997,3,N,1,0
FOP97,1997,2002,5,N,5,1
FOP98,1998,1999,3,N,1,0
FOP99,1999,2000,4,N,1,0
FOU00,2000,2000,6,B,0,0
FOU01,2001,2002,2,N,1,0
FOU03,2003,2004,1,N,1,0
FOU05,2005,2005,6,Q,0,0
FOU06,2006,2006,5,Q,0,0
FOU07,2007,2007,6,Q,0,0
FOU94,1994,1994,9,E,0,0
FOU95,1995,1995,6,Q,0,0
FOU97,1997,2001,9,S,4,1
FOU99,1999,2000,3,N,1,0
FRA00,2000,2000,5,Q,0,0
FRA01,2001,2001,10,Q,0,0
FRA03,2003,2003,5,Q,0,0
FRA04,2004,2005,2,N,1,0
FRA95,1995,2001,10,A,6,1
FRA96,1996,2007,3,N,11,1
FRA98,1998,2009,12,N,11,1
FRE82,1982,1982,7,Q,0,0
FRE83,1983,1993,11,S,10,1
FRE87,1987,1993,8,S,6,1
FRE89,1989,1993,11,S,4,1
FRE90,1990,1993,8,S,3,1
FRICT,1962,1976,3,N,14,1
FRO89,1989,1989,6,Q,0,0
FRO90,1990,1991,3,N,1,0
FRO91,1991,1991,7,Q,0,0
FRO92,1992,1992,6,Q,0,0
FRO93,1993,1997,8,C,4,1
FRO94,1994,1994,8,Q,0,0
FRO95,1995,2006,9,S,11,1
FRO96,1996,1998,5,N,2,1
FRO98,1998,1999,3,N,1,0
FRODO,1971,1981,9,S,10,1
FRR04,2004,2004,6,E,0,0
FRT02,2002,2008,10,S,6,1
FRT03,2003,2019,9,S,16,1
FRT05,2005,2017,8,S,12,1
FRT06,2006,2022,12,N,16,1
FRT07,2007,2017,1,Q,10,1
FRT08,2008,2008,12,Q,0,0
FRT99,1999,2000,3,N,1,0
FTH03,2003,2010,1,,7,1
FTH05,2005,2009,10,S,4,1
FTH07,2007,2009,10,S,2,1
FTH08,2008,2014,1,S,6,1
FTH10,2010,2011,2,S,1,
FUL83,1983,1993,3,N,10,1
FUL85,1985,1993,3,N,8,1
FUL86,1986,2002,2,N,16,1
FUL87,1987,1998,1,N,11,1
FUL89,1989,2000,1,N,11,1
FUL90,1990,1998,10,Q,8,1
FUL91,1991,1992,4,N,1,0
FUL93,1993,2009,3,N,16,1
FUL94,1994,1994,7,,0,0
FVA16,2016,2016,5,W,0,0
FVA17,2017,2017,6,Q,0,0
FVA18,2018,2018,11,S,0,0
GAL81,1981,1982,4,N,1,0
GAL83,1983,1985,5,N,2,1
GAL84,1984,1984,6,A,0,0
GAL85,1985,1997,7,C,12,1
GAL86,1986,1986,7,Q,0,0
GAL87,1987,1992,3,A,5,1
GAL89,1989,2001,5,N,12,1
GAL90,1990,1991,3,N,1,0
GAN00,2000,2001,5,N,1,1
GAN01,2001,2001,6,Q,0,0
GAN03,2003,2004,3,N,1,0
GAN04,2004,2004,6,Q,0,0
GAN05,2005,2007,3,A,2,1
GAN06,2006,2007,2,N,1,0
GAN97,1997,1997,6,Q,0,0
GAN98,1998,1999,1,N,1,0
GAN99,1999,1999,6,Q,0,0
GANDA,2002,2010,,Q,8,1
GCE07,2007,2007,7,Q,0,0
GCE08,2008,2013,9,S,5,1
GEC93,1993,1994,4,N,1,0
GEC95,1995,2013,,Q,18,1
GEC97,1997,2012,2,N,15,1
GEC99,1999,1999,11,Q,0,0
GEM83,1983,1984,3,N,1,0
GEM84,1984,1985,4,N,1,0
GEM85,1985,1985,12,N,0,0
GEM87,1987,1988,3,N,1,0
GEM88,1988,1989,2,N,1,0
GEM90,1990,1991,3,N,1,0
GEM91,1991,1991,12,N,0,0
GEM94,1994,1994,5,B,0,0
GEN03,2003,2003,6,E,0,0
GGZ13,2013,2020,9,S,7,1
GGZ15,2015,2017,1,N,2,1
GGZ16,2016,2017,3,N,1,0
GGZ17,2017,2018,2,N,1,0
GGZ21,2021,2022,3,N,1,0
GGZ23,2023,2023,6,W,0,0
GHILL,1967,1978,3,N,11,1
GIN89,1989,1993,1,N,4,1
GIN91,1991,1992,2,N,1,0
GIN92,1992,1993,3,N,1,0
GIN93,1993,2007,12,N,14,1
GIN94,1994,1995,3,N,1,0
GIN95,1995,1998,3,N,3,1
GIN96,1996,2010,7,S,14,1
GIN98,1998,1998,5,Q,0,0
GINGR,2005,2014,8,S,9,1
GIPSY,1969,1978,3,N,9,1
GIS21,2021,2023,10,S,2,1
GIS23,2023,2023,10,S,0,0
GKG07,2007,2012,1,S,5,1
GKG09,2009,2012,9,S,3,1
GKG10,2010,2010,12,S,0,0
GL373,1973,1983,3,N,10,1
GL374,1974,1974,6,E,0,0
GL375,1975,1986,3,N,11,1
GL376,1976,1986,3,N,10,1
GL377,1977,1979,3,N,2,1
GL380,1980,1982,3,N,2,1
GL382,1982,1982,5,N,0,0
GLA69,1969,1982,5,N,13,1
GLA73,1973,1973,6,Q,0,0
GLA74,1974,1974,5,E,0,0
GLA75,1975,1975,7,E,0,0
GLA76,1976,1976,12,N,0,0
GLASS,1960,1976,11,N,16,1
GLE16,2016,2021,11,S,5,1
GLE20,2020,2023,1,S,3,1
GLE21,2021,2023,1,S,2,1
GLI04,2004,2006,10,S,2,1
GLI06,2006,2011,2,S,5,1
GLI08,2008,2008,6,B,0,0
GLN20,2020,2020,6,B,0,0
GLR05,2005,2010,9,S,5,1
GLR07,2007,2014,8,S,7,1
GLR08,2008,2009,1,N,1,0
GLR11,2011,2014,11,S,3,1
GLR12,2012,2022,8,S,10,1
GLR14,2014,2014,6,Q,0,0
GLR15,2015,2020,10,S,5,1
GLR16,2016,2021,12,S,5,1
GLR17,2017,2020,6,G,3,1
GLR18,2018,2023,11,S,5,1
GLR20,2020,2020,12,N,0,0
GLZ15,2015,2016,10,S,1,1
GLZ16,2016,2016,10,S,0,0
GNB04,2004,2005,1,N,1,0
GNB07,2007,2017,12,N,10,1
GNB08,2008,2010,4,N,2,1
GNB13,2013,2014,4,N,1,0
GOB02,2002,2002,12,N,0,0
GOB04,2004,2005,3,N,1,0
GOD00,2000,2001,2,N,1,0
GOD02,2002,2002,9,Q,0,0
GOD03,2003,2004,2,N,1,0
GOD94,1994,2011,1,N,17,1
GOD96,1996,2001,3,A,5,1
GOD97,1997,2015,2,N,18,1
GOD98,1998,1999,3,N,1,0
GOD99,1999,2000,3,N,1,0
GOLUM,2003,2012,,Q,9,1
GPI75,1975,1985,8,S,10,1
GRA00,2000,2002,2,N,2,1
GRA01,2001,2002,4,N,1,0
GRA02,2002,2009,12,N,7,1
GRA03,2003,2005,3,N,2,1
GRA04,2004,2004,11,N,0,0
GRA06,2006,2006,5,Q,0,0
GRA07,2007,2008,3,N,1,0
GRA93,1993,2008,1,N,15,1
GRA94,1994,1995,4,N,1,0
GRA95,1995,2000,3,N,5,1
GRA96,1996,2005,2,N,9,1
GRA97,1997,1997,5,D,0,0
GRA98,1998,2013,5,N,15,1
GRA99,1999,2008,5,C,9,1
GRC76,1976,1988,2,N,12,1
GRC77,1977,1979,3,N,2,1
GRC79,1979,1989,4,N,10,1
GRC81,1981,1982,3,N,1,0
GRC83,1983,1983,2,B,0,0
GRC84,1984,1986,3,N,2,1
GRC85,1985,1986,3,N,1,0
GRE68,1968,1980,4,N,12,1
GRE69,1969,1971,10,Q,2,1
GRE70,1970,1977,9,S,7,1
GRE71,1971,1971,5,Q,0,0
GRE72,1972,1986,2,N,14,1
GRE73,1973,1982,3,N,9,1
GRE74,1974,1980,11,A,6,1
GRE75,1975,1976,2,N,1,0
GREET,1964,1976,2,N,12,1
GRIST,1986,1997,8,Q,11,1
GRL11,2011,2011,6,B,0,0
GRN17,2017,2017,6,Q,0,0
GRN22,2022,2022,6,Q,0,0
GROWT,1971,1983,4,N,12,1
GRT03,2003,2003,9,B,0,0
GTO20,2020,2022,7,S,2,1
GTO23,2023,2023,11,S,0,0
GTR06,2006,2016,1,S,10,1
GYP04,2004,2004,5,Q,0,0
GYP05,2005,2008,10,S,3,1
GYP07,2007,2018,1,N,11,1
GYP09,2009,2011,10,S,2,1
GYP11,2011,2013,9,S,2,1
GYP13,2013,2018,9,S,5,1
GYP16,2016,2016,12,N,0,0
HAD89,1989,1989,6,B,0,0
HAGGI,1968,1977,11,N,9,1
HAGRI,1997,2004,,Q,7,1
HAI22,2022,2023,4,N,1,0
HAL87,1987,1993,11,S,6,1
HAL90,1990,2011,3,Q,21,1
HAL92,1992,1992,6,D,0,0
HAL93,1993,1993,6,D,0,0
HAL94,1994,2003,10,Q,9,1
HAL95,1995,2006,11,S,11,1
HAL96,1996,2001,1,S,5,1
HAL98,1998,2007,9,S,9,1
HAL99,1999,2000,2,N,1,0
HALFE,,2022,9,S,,
HAMIS,1967,1979,8,S,12,1
HAN16,2016,2017,3,N,1,0
HAN17,2017,2018,1,N,1,0
HAN18,2018,2019,3,N,1,0
HAN21,2021,2021,6,Q,0,0
HAR80,1980,1980,7,Q,0,0
HAR81,1981,1982,5,N,1,1
HAR82,1982,1995,2,N,13,1
HAR84,1984,1984,10,Q,0,0
HAR85,1985,1986,4,N,1,0
HARRY,1995,2005,,Q,10,1
HAW00,2000,2000,11,S,0,0
HAW96,1996,1999,7,S,3,1
HAW99,1999,2010,10,S,11,1
HAZ10,2010,2016,9,S,6,1
HAZ12,2012,2014,7,S,2,1
HAZ14,2014,2017,1,S,3,1
HAZ15,2015,2015,6,Q,0,0
HAZ16,2016,2019,12,S,3,1
HAZ17,2017,2018,4,N,1,0
HAZ18,2018,2019,1,S,1,
HDI08,2008,2009,3,Q,1,0
HDI11,2011,2012,2,N,1,0
HDX13,2013,2019,8,S,6,1
HDX14,2014,2016,1,S,2,1
HDX15,2015,2016,1,S,1,
HEB00,2000,2000,11,S,0,0
HEB98,1998,2002,10,S,4,1
HECTO,1965,1978,4,N,13,1
HED01,2001,2018,10,N,17,1
HED04,2004,2005,3,N,1,0
HED06,2006,2007,12,N,1,1
HED07,2007,2008,1,N,1,0
HED08,2008,2022,2,N,14,1
HED10,2010,2012,3,N,2,1
HED12,2012,2016,12,N,4,1
HEFTY,1967,1976,8,S,9,1
HEL00,2000,2002,4,N,2,1
HEL01,2001,2002,2,N,1,0
HEL03,2003,2004,1,N,1,0
HEL05,2005,2020,2,N,15,1
HEL07,2007,2008,3,N,1,0
HER91,1991,2002,9,S,11,1
HER93,1993,1999,10,S,6,1
HER95,1995,1996,11,S,1,1
HES79,1979,1984,8,S,5,1
HES80,1980,1989,11,S,9,1
HES82,1982,1983,3,N,1,0
HES83,1983,1986,,Q,3,1
HES86,1986,1986,,Q,0,0
HEX13,2013,2014,2,N,1,0
HEX15,2015,2020,9,Q,5,1
HEX17,2017,2017,11,N,0,0
HIA01,2001,2002,3,N,1,0
HIA03,2003,2005,3,N,2,1
HIA04,2004,2005,2,N,1,0
HIA05,2005,2005,5,Q,0,0
HIA06,2006,2008,2,N,2,1
HIA07,2007,2007,6,B,0,0
HIA08,2008,2020,,Q,12,1
HIA11,2011,2012,2,N,1,0
HIC78,1978,1979,3,N,1,0
HIC80,1980,1982,2,N,2,1
HIC81,1981,1982,2,N,1,0
HIC82,1982,1983,3,N,1,0
HIC83,1983,1984,3,N,1,0
HIC84,1984,1999,12,N,15,1
HIC85,1985,1986,3,N,1,0
HIC88,1988,2004,2,N,16,1
HIC89,1989,1997,7,C,8,1
HIC90,1990,1991,3,N,1,0
HIC91,1991,1991,6,Q,0,0
HIC92,1992,1992,11,N,0,0
HIM10,2010,2010,8,Q,0,0
HIM12,2012,2012,12,N,0,0
HIM13,2013,2014,1,N,1,0
HIM15,2015,2015,6,B,0,0
HIM16,2016,2016,6,Q,0,0
HIM17,2017,2018,2,N,1,0
HIR01,2001,2002,3,N,1,0
HIR03,2003,2015,5,N,12,1
HIR05,2005,2006,2,N,1,0
HIR08,2008,2009,2,Q,1,0
HIR97,1997,1997,6,Q,0,0
HIR98,1998,1998,6,Q,0,0
HLD20,2020,2021,2,N,1,0
HML18,2018,2018,,Q,0,0
HNY12,2012,2017,2,N,5,1
HNY14,2014,2020,12,S,6,1
HNY16,2016,2016,6,Q,0,0
HNY17,2017,2017,11,S,0,0
HOC01,2001,2001,12,N,0,0
HOC03,2003,2004,4,N,1,0
HOC04,2004,2004,6,Q,0,0
HOC05,2005,2019,2,N,14,1
HOC07,2007,2020,6,G,13,1
HOC09,2009,2010,5,N,1,1
HOC11,2011,2012,3,N,1,0
HOL00,2000,2010,3,A,10,1
HOL03,2003,2003,7,B,0,0
HOL04,2004,2005,1,N,1,0
HOL91,1991,1992,3,N,1,0
HOL93,1993,1993,7,Q,0,0
HOL94,1994,2007,3,N,13,1
HOL97,1997,2012,3,N,15,1
HON00,2000,2008,6,C,8,1
HON02,2002,2004,10,S,2,1
HON04,2004,2006,8,S,2,1
HON06,2006,2012,2,S,6,1
HON08,2008,2009,3,Q,1,0
HON97,1997,2001,9,S,4,1
HON99,1999,1999,5,Q,0,0
HOO04,2004,2004,5,Q,0,0
HOO05,2005,2018,9,H,13,1
HOO07,2007,2012,9,S,5,1
HOO08,2008,2009,4,Q,1,0
HOO10,2010,2010,8,B,0,0
HOP12,2012,2020,10,S,8,1
HOR90,1990,1990,6,B,0,0
HORAC,1999,2007,,Q,8,1
HPI19,2019,2019,6,Q,0,0
HRM00,2000,2000,10,Q,0,0
HRM90,1990,2002,1,N,12,1
HRM91,1991,1993,3,N,2,1
HRM92,1992,1992,5,D,0,0
HRM94,1994,1994,5,B,0,0
HRM95,1995,2004,11,N,9,1
HRM96,1996,1997,4,N,1,0
HRM97,1997,1998,9,A,1,1
HRM98,1998,1998,6,Q,0,0
HRM99,1999,2007,6,C,8,1
HRN01,2001,2001,10,S,0,0
HRT15,2015,2019,9,S,4,1
HRT16,2016,2016,11,Q,0,0
HRT18,2018,2018,6,G,0,0
HUD16,2016,2016,11,S,0,0
HUGHE,2010,2018,8,S,8,1
HUMBL,2011,2018,10,S,7,1
HUMME,1967,1974,9,S,7,1
HUMPY,1997,2007,1,N,10,1
HUNCH,1967,1977,,S,10,1
HUR14,2014,2015,3,N,1,0
HYS16,2016,2016,6,Q,0,0
IBI81,1981,1992,3,N,11,1
IBI82,1982,1983,4,N,1,0
IBI83,1983,1986,6,C,3,1
IBI84,1984,1997,5,N,13,1
ICE03,2003,2010,7,S,7,1
IDU83,1983,1983,6,Q,0,0
IDU84,1984,1989,9,S,5,1
IFF18,2018,2018,11,S,0,0
ILE84,1984,1986,3,N,2,1
ILE86,1986,2004,12,N,18,1
ILE87,1987,2007,3,N,20,1
ILE89,1989,1990,3,N,1,0
ILE92,1992,1993,3,N,1,0
ILL83,1983,1983,6,Q,0,0
IND92,1992,1999,11,S,7,1
ING16,2016,2016,7,Q,0,0
INI83,1983,1984,4,N,1,0
INI85,1985,2000,3,N,15,1
INI86,1986,2001,3,N,15,1
INI87,1987,1993,3,N,6,1
INI88,1988,1989,3,N,1,0
INI90,1990,1991,4,N,1,0
INI91,1991,1992,2,N,1,0
INI92,1992,1993,1,N,1,0
IOLOO,2010,2018,8,S,8,1
ION91,1991,1991,12,N,0,0
IOW20,2020,2020,7,B,0,0
IRI13,2013,2019,9,S,6,1
IVO01,2001,2002,2,N,1,0
IVO03,2003,2005,2,N,2,1
IVO94,1994,1995,2,N,1,0
IVO96,1996,2006,,Q,10,1
IVO97,1997,1999,3,N,2,1
IVO98,1998,1998,6,B,0,0
IVO99,1999,2015,1,N,16,1
IVY00,2000,2000,7,Q,0,0
IVY01,2001,2002,2,N,1,0
IVY03,2003,2005,3,N,2,1
IVY06,2006,2007,1,N,1,0
IVY91,1991,1991,6,D,0,0
IVY92,1992,1993,3,N,1,0
IVY94,1994,1995,4,N,1,0
IVY95,1995,2000,1,A,5,1
IVY96,1996,2009,1,N,13,1
IVY97,1997,2015,2,A,18,1
IVY98,1998,1998,6,Q,0,0
IVY99,1999,2000,3,N,1,0
JAD07,2007,2009,6,N,2,1
JAD09,2009,2011,10,S,2,1
JAD12,2012,2019,8,S,7,1
JAD15,2015,2015,5,Q,0,0
JAE00,2000,2002,1,N,2,1
JAE02,2002,2018,5,N,16,1
JAE03,2003,2010,,Q,7,1
JAE05,2005,2017,,,12,1
JAE08,2008,2021,7,G,13,1
JAN85,1985,1985,12,N,0,0
JAV13,2013,2013,6,Q,0,0
JAY00,2000,2001,1,N,1,0
JAY01,2001,2002,3,N,1,0
JAY03,2003,2005,4,N,2,1
JAY05,2005,2009,9,S,4,1
JAY08,2008,2009,2,Q,1,0
JEE00,2000,2004,7,S,4,1
JEE01,2001,2004,7,S,3,1
JEE03,2003,2012,10,S,9,1
JEE10,2010,2011,6,N,1,1
JEE94,1994,1994,6,D,0,0
JEE95,1995,2001,9,S,6,1
JEE96,1996,2001,7,S,5,1
JEE99,1999,1999,7,Q,0,0
JEM88,1988,1989,3,N,1,0
JEP15,2015,2015,6,Q,0,0
JEP16,2016,2018,11,S,2,1
JEP17,2017,2018,11,S,1,1
JES88,1988,1989,3,N,1,0
JET23,2023,2023,6,Q,0,0
JMC17,2017,2017,5,Q,0,0
JMC18,2018,2020,10,S,2,1
JMC19,2019,2019,8,Q,0,0
JMC20,2020,2023,9,S,3,1
JMC22,2022,2022,7,E,0,0
JOA85,1985,1986,1,N,1,0
JOS74,1974,1978,3,N,4,1
JOS76,1976,1976,6,Q,0,0
JOS77,1977,1983,,N,6,1
JOS78,1978,1978,12,N,0,0
JOS79,1979,1987,10,A,8,1
JOS82,1982,1983,3,N,1,0
JOSHS,1987,2000,,Q,13,1
JOW89,1989,2000,,Q,11,1
JOW93,1993,2005,1,S,12,1
JUG83,1983,1983,6,Q,0,0
JUG85,1985,1999,3,N,14,1
JUG87,1987,1999,3,N,12,1
JUG88,1988,1989,3,N,1,0
JUG90,1990,2004,,Q,14,1
JUG91,1991,2004,2,S,13,1
JUG92,1992,1993,4,N,1,0
JUL04,2004,2005,1,S,1,
JUN77,1977,1979,3,N,2,1
JUN80,1980,1980,6,Q,0,0
JUN81,1981,1982,10,Q,1,1
JUN82,1982,1983,4,N,1,0
JUN84,1984,1984,5,E,0,0
JUN85,1985,1999,2,N,14,1
JUNCU,1970,1982,2,N,12,1
KAK15,2015,2015,5,Q,0,0
KAK16,2016,2016,6,Q,0,0
KAN16,2016,2023,9,S,7,1
KAN18,2018,2018,11,S,0,0
KAR02,2002,2011,10,S,9,1
KAR03,2003,2003,10,S,0,0
KAR98,1998,1998,6,Q,0,0
KAT20,2020,2020,5,,0,0
KEL78,1978,1984,9,Q,6,1
KELTI,1968,1985,3,N,17,1
KENNY,2003,2010,,Q,7,1
KIC18,2018,2019,3,N,1,0
KID89,1989,1989,11,N,0,0
KID90,1990,1991,1,N,1,0
KIERA,1992,2000,,Q,8,1
KIL74,1974,1975,1,N,1,0
KIL75,1975,1976,4,N,1,0
KIL76,1976,1986,3,N,10,1
KIL77,1977,1979,1,N,2,1
KIL78,1978,1979,5,N,1,1
KIL79,1979,1989,3,N,10,1
KIL80,1980,1981,3,N,1,0
KIL81,1981,1982,1,N,1,0
KIL82,1982,1993,3,N,11,1
KIL83,1983,1984,4,N,1,0
KIL84,1984,1985,1,N,1,0
KIL85,1985,1986,1,N,1,0
KIN80,1980,1980,,Q,0,0
KIN89,1989,1990,3,N,1,0
KINDS,1968,1977,,S,9,1
KIT02,2002,2002,2,,0,0
KIT90,1990,1992,3,N,2,1
KIT91,1991,1992,3,N,1,0
KIT92,1992,1993,2,N,1,0
KIT95,1995,2014,3,N,19,1
KIT96,1996,2010,1,N,14,1
KIT97,1997,1997,6,Q,0,0
KITES,1993,2003,,Q,10,1
KITKT,2003,2009,,Q,6,1
KIW79,1979,1992,3,N,13,1
KIW81,1981,1982,3,N,1,0
KIW84,1984,1986,4,N,2,1
KIW85,1985,1992,1,S,7,1
KIW91,1991,1992,1,N,1,0
KIW92,1992,1992,11,N,0,0
KKA16,2016,2018,4,N,2,1
KKA18,2018,2022,7,S,4,1
KKA21,2021,2023,11,S,2,1
KKONG,1994,2002,10,S,8,1
KLD00,2000,2002,2,N,2,1
KLD01,2001,2003,1,N,2,1
KLD03,2003,2004,10,Q,1,1
KLD05,2005,2012,5,C,7,1
KLD06,2006,2021,,Q,15,1
KLD99,1999,1999,6,Q,0,0
KLE23,2023,2023,6,Q,0,0
KLN15,2015,2015,6,Q,0,0
KLN16,2016,2018,12,S,2,1
KLN18,2018,2018,12,S,0,0
KLP14,2014,2015,3,N,1,0
KLP18,2018,2023,2,S,5,1
KLP20,2020,2022,7,S,2,1
KNO00,2000,2000,10,Q,0,0
KNO01,2001,2002,3,N,1,0
KNO90,1990,1991,1,N,1,0
KNO91,1991,1991,7,Q,0,0
KNO94,1994,2005,11,S,11,1
KNO95,1995,2014,1,S,19,1
KNO96,1996,1999,,Q,3,1
KNO97,1997,1997,6,Q,0,0
KNO99,1999,2008,10,S,9,1
KOH15,2015,2018,7,A,3,1
KONKO,1971,1981,3,Q,10,1
KRB04,2004,2004,12,Q,0,0
KRB05,2005,2005,11,S,0,0
KRM05,2005,2005,6,D,0,0
LAC00,2000,2002,2,N,2,1
LAC02,2002,2006,10,S,4,1
LAC04,2004,2005,2,N,1,0
LAM81,1981,1982,2,N,1,0
LAM83,1983,1998,3,N,15,1
LAM84,1984,1986,5,N,2,1
LAM87,1987,1989,4,N,2,1
LAM90,1990,1991,4,N,1,0
LAP78,1978,1979,4,N,1,0
LAP81,1981,1988,11,S,7,1
LAPHR,2005,2014,,Q,9,1
LAR01,2001,2002,1,N,1,0
LAR02,2002,2003,3,N,1,0
LAR03,2003,2003,6,Q,0,0
LAR04,2004,2004,5,B,0,0
LAR06,2006,2006,6,A,0,0
LAR08,2008,2009,3,N,1,0
LAR09,2009,2009,11,N,0,0
LAR11,2011,2011,6,W,0,0
LAR99,1999,1999,6,B,0,0
LAV09,2009,2011,10,S,2,1
LAV11,2011,2012,1,S,1,
LAZ11,2011,2012,1,S,1,
LCH04,2004,2009,8,S,5,1
LCH06,2006,2019,1,S,13,1
LCH08,2008,2014,1,S,6,1
LCH12,2012,2013,11,S,1,1
LEA15,2015,2020,9,S,5,1
LEA16,2016,2016,11,Q,0,0
LEBRO,2011,2020,,Q,9,1
LEI10,2010,2011,4,N,1,0
LEI12,2012,2018,12,S,6,1
LEI15,2015,2019,11,S,4,1
LEI16,2016,2016,7,Q,0,0
LEM16,2016,2018,2,N,2,1
LEM21,2021,2023,1,N,2,1
LEN78,1978,1979,4,N,1,0
LEN81,1981,1983,3,N,2,1
LEN83,1983,1993,3,N,10,1
LEN85,1985,1986,4,N,1,0
LENOT,1982,1996,3,N,14,1
LEX07,2007,2008,4,N,1,0
LIA13,2013,2013,6,Q,0,0
LIA14,2014,2022,3,N,8,1
LIA16,2016,2017,3,N,1,0
LIA18,2018,2019,2,N,1,0
LIA20,2020,2023,9,S,3,1
LIA21,2021,2022,4,N,1,0
LIAMS,1966,1974,11,N,8,1
LIB78,1978,1993,2,N,15,1
LIBRA,1972,1985,9,Q,13,1
LIC74,1974,1983,4,N,9,1
LIC76,1976,1986,4,N,10,1
LIC77,1977,1977,6,D,0,0
LIC78,1978,1979,4,N,1,0
LIC79,1979,1979,6,E,0,0
LIGHT,1981,1993,2,N,12,1
LIL00,2000,2001,5,N,1,1
LIL04,2004,2005,7,N,1,1
LIL06,2006,2010,11,S,4,1
LIL07,2007,2008,4,N,1,0
LIL09,2009,2010,2,N,1,0
LIM77,1977,1979,4,N,2,1
LIM78,1978,1983,8,C,5,1
LIM80,1980,1993,2,N,13,1
LIM82,1982,1982,6,D,0,0
LIM83,1983,1998,3,N,15,1
LIM85,1985,2000,3,N,15,1
LIMES,1974,1980,9,S,6,1
LIN11,2011,2011,11,S,0,0
LIT70,1970,1986,2,N,16,1
LIT72,1972,1978,8,S,6,1
LIT73,1973,1986,3,N,13,1
LIT74,1974,1986,9,S,12,1
LIT75,1975,1982,11,N,7,1
LIT76,1976,1989,2,N,13,1
LIT77,1977,1977,6,Q,0,0
LIT78,1978,1979,11,Q,1,1
LIT79,1979,1987,10,Q,8,1
LIT81,1981,1981,6,Q,0,0
LIT82,1982,1983,2,N,1,0
LITLH,1967,1983,2,N,16,1
LIZ82,1982,1982,6,E,0,0
LIZ83,1983,1983,6,D,0,0
LIZ86,1986,2000,4,N,14,1
LIZ87,1987,1989,1,N,2,1
LIZ88,1988,1988,7,Q,0,0
LIZ89,1989,2000,4,N,11,1
LIZ90,1990,1992,3,N,2,1
LIZ92,1992,1992,10,N,0,0
LLASS,1963,1980,3,N,17,1
LLEAR,2004,2011,,Q,7,1
LMS00,2000,2015,3,N,15,1
LMS04,2004,2005,4,N,1,0
LMS05,2005,2015,12,S,10,1
LMS06,2006,2015,8,Q,9,1
LMS07,2007,2012,11,S,5,1
LMS09,2009,2009,6,Q,0,0
LMS10,2010,2011,1,N,1,0
LMS97,1997,2014,2,N,17,1
LMS98,1998,1999,4,N,1,0
LMS99,1999,2000,3,N,1,0
LNC04,2004,2004,6,Q,0,0
LOB82,1982,1983,3,N,1,0
LOB83,1983,1983,6,Q,0,0
LOB84,1984,1984,6,Q,0,0
LOB85,1985,1986,3,N,1,0
LOB86,1986,1999,8,Q,13,1
LOB87,1987,1988,4,N,1,0
LOB88,1988,1989,3,N,1,0
LOB89,1989,1989,11,Q,0,0
LOG82,1982,1985,,Q,3,1
LONGT,2006,2019,,Q,13,1
LOW71,1971,1971,5,Q,0,0
LOW72,1972,1972,6,N,0,0
LOW73,1973,1973,6,Q,0,0
LPA01,2001,2001,6,Q,0,0
LPA02,2002,2020,11,S,18,1
LPA03,2003,2005,8,S,2,1
LPA04,2004,2014,1,S,10,1
LPA06,2006,2006,6,Q,0,0
LPA07,2007,2007,7,Q,0,0
LPA08,2008,2010,10,S,2,1
LPA09,2009,2012,11,S,3,1
LPA11,2011,2011,6,B,0,0
LPA12,2012,2016,11,S,4,1
LPA13,2013,2013,12,N,0,0
LPW00,2000,2000,6,Q,0,0
LPW91,1991,2008,2,N,17,1
LPW93,1993,2005,3,N,12,1
LPW94,1994,1994,6,D,0,0
LPW95,1995,1997,2,N,2,1
LPW97,1997,1999,3,N,2,1
LPW98,1998,1999,2,N,1,0
LPW99,1999,1999,6,Q,0,0
LTE02,2002,2005,11,S,3,1
LTF72,1972,1978,8,Q,6,1
LTF73,1973,1990,6,Q,17,1
LTF74,1974,1993,1,N,19,1
LTF75,1975,1985,9,S,10,1
LTF77,1977,1993,2,N,16,1
LTF78,1978,1978,7,Q,0,0
LTF79,1979,1980,2,Q,1,0
LTFLH,1967,1980,4,N,13,1
LTNIK,1972,1986,4,N,14,1
LTSPI,1969,1981,2,N,12,1
LUC86,1986,1987,,Q,1,1
LUN09,2009,2012,1,S,3,1
LUN10,2010,2010,12,Q,0,0
LUT08,2008,2021,11,S,13,1
LUT10,2010,2017,11,S,7,1
LUT12,2012,2018,2,N,6,1
LUT15,2015,2015,6,A,0,0
LUT16,2016,2017,3,N,1,0
LUZ84,1984,1984,,D,0,0
LUZ85,1985,1989,11,Q,4,1
LUZ86,1986,1991,9,S,5,1
LUZ88,1988,1989,3,N,1,0
LUZ89,1989,1989,7,Q,0,0
LUZ91,1991,1991,7,Q,0,0
LYR14,2014,2018,10,S,4,1
LYR16,2016,2018,10,S,2,1
LYR20,2020,2021,11,S,1,1
MAA19,2019,2019,6,Q,0,0
MAA20,2020,2023,9,S,3,1
MAA21,2021,2023,8,S,2,1
MAB16,2016,2017,4,N,1,0
MAB18,2018,2018,5,Q,0,0
MAB19,2019,2019,5,D,0,0
MAB20,2020,2021,1,N,1,0
MAC80,1980,1980,10,Q,0,0
MAC81,1981,1992,3,N,11,1
MAC83,1983,1986,12,Q,3,1
MAC85,1985,1989,6,C,4,1
MAC89,1989,1989,7,Q,0,0
MAD83,1983,1993,1,N,10,1
MAD87,1987,1989,2,N,2,1
MAD91,1991,1993,2,N,2,1
MAG71,1971,1972,1,N,1,0
MAG72,1972,1986,1,N,14,1
MAG74,1974,1975,4,N,1,0
MAG77,1977,1979,3,N,2,1
MAG80,1980,1981,1,N,1,0
MAJ10,2010,2017,10,S,7,1
MAJ12,2012,2016,10,S,4,1
MAJ13,2013,2017,11,S,4,1
MAJ14,2014,2021,12,S,7,1
MAJ16,2016,2023,9,S,7,1
MAJ20,2020,2022,10,S,2,1
MAL88,1988,1989,1,N,1,0
MAL90,1990,1990,6,Q,0,0
MAL91,1991,1992,4,N,1,0
MAL93,1993,2010,3,N,17,1
MAL95,1995,2005,1,N,10,1
MAL98,1998,1998,7,Q,0,0
MAM16,2016,2016,8,Q,0,0
MAM18,2018,2019,2,N,1,0
MAM20,2020,2021,3,N,1,0
MAM21,2021,2021,8,Q,0,0
MAM22,2022,2023,4,N,1,0
MAN76,1976,1976,6,Q,0,0
MAN77,1977,1977,6,Q,0,0
MAN78,1978,1978,6,Q,0,0
MAN79,1979,1981,3,N,2,1
MAN80,1980,1981,1,N,1,0
MAN82,1982,1983,12,N,1,1
MAN83,1983,1984,3,N,1,0
MAN85,1985,1986,3,N,1,0
MAP06,2006,2006,6,B,0,0
MAP07,2007,2009,10,S,2,1
MAR87,1987,1988,3,N,1,0
MAR89,1989,2007,1,N,18,1
MAR90,1990,1990,9,D,0,0
MAR91,1991,1992,2,N,1,0
MAR93,1993,2007,2,N,14,1
MAR94,1994,1994,6,B,0,0
MAR95,1995,2011,12,N,16,1
MAR96,1996,1996,7,Q,0,0
MAR97,1997,1999,3,N,2,1
MAS90,1990,1996,8,S,6,1
MAS92,1992,1993,3,N,1,0
MAS94,1994,1994,6,Q,0,0
MAS96,1996,1996,6,Q,0,0
MAS97,1997,1997,6,E,0,0
MAS99,1999,2004,11,S,5,1
MAT04,2004,2004,6,Q,0,0
MAT94,1994,1994,8,B,0,0
MAT96,1996,1996,6,D,0,0
MAT98,1998,1999,1,N,1,0
MAV01,2001,2001,11,S,0,0
MAW79,1979,1994,7,N,15,1
MAW81,1981,1982,3,N,1,0
MAW83,1983,2000,2,N,17,1
MAW85,1985,1986,3,N,1,0
MAX82,1982,1983,3,N,1,0
MAX84,1984,1999,1,N,15,1
MAX85,1985,1986,4,N,1,0
MAXIS,1970,1982,2,N,12,1
MAY96,1996,1996,10,S,0,0
MAZUN,2004,2012,,Q,8,1
MCC21,2021,2022,10,S,1,1
MCD10,2010,2011,2,N,1,0
MCD11,2011,2011,6,B,0,0
MCD13,2013,2015,3,N,2,1
MCD16,2016,2017,3,A,1,0
MCD17,2017,2018,2,N,1,0
MCL20,2020,2021,1,N,1,0
MCL22,2022,2023,3,N,1,0
MCQ14,2014,2018,12,S,4,1
MCQ17,2017,2017,6,D,0,0
MCQ18,2018,2019,2,S,1,
MCU12,2012,2017,11,S,5,1
MCU14,2014,2014,5,Q,0,0
MCU15,2015,2022,8,S,7,1
MCU16,2016,2016,6,Q,0,0
MCU17,2017,2022,11,R,5,1
MCU18,2018,2018,5,Q,0,0
MCU20,2020,2020,5,A,0,0
MDD10,2010,2010,7,Q,0,0
MDD16,2016,2016,6,B,0,0
MDD17,2017,2018,1,N,1,0
MDD20,2020,2021,3,N,1,0
MDL01,2001,2002,3,N,1,0
MDL03,2003,2005,1,N,2,1
MDL04,2004,2005,1,N,1,0
MDL97,1997,1998,1,N,1,0
MDL98,1998,1999,3,N,1,0
MDL99,1999,2000,3,N,1,0
MDR02,2002,2003,,Q,1,1
MEA88,1988,1989,1,N,1,0
MEA89,1989,1990,3,N,1,0
MEA90,1990,1991,3,N,1,0
MEA91,1991,1992,2,N,1,0
MEA92,1992,1993,3,N,1,0
MEA94,1994,1995,3,N,1,0
MED01,2001,2001,11,S,0,0
MEE03,2003,2017,2,N,14,1
MEE05,2005,2021,10,N,16,1
MEE06,2006,2017,9,S,11,1
MEE08,2008,2011,11,S,3,1
MEE13,2013,2018,8,S,5,1
MEG00,2000,2008,3,N,8,1
MEG02,2002,2002,6,B,0,0
MEG04,2004,2005,2,N,1,0
MEG06,2006,2021,1,N,15,1
MEG07,2007,2008,2,N,1,0
MEG08,2008,2008,6,Q,0,0
MEG09,2009,2009,5,Q,0,0
MEG10,2010,2010,5,Q,0,0
MEG11,2011,2011,12,N,0,0
MEG98,1998,1998,9,Q,0,0
MEG99,1999,1999,9,Q,0,0
MEL75,1975,1983,3,N,8,1
MEL76,1976,1989,2,N,13,1
MEL77,1977,1983,3,N,6,1
MEL79,1979,1991,4,N,12,1
MEL82,1982,1982,6,Q,0,0
MEL83,1983,1995,5,N,12,1
MEL84,1984,1991,9,S,7,1
MEL86,1986,1998,1,N,12,1
MEL87,1987,1987,6,Q,0,0
MEL88,1988,1989,3,N,1,0
MES22,2022,2023,11,S,1,1
MGH05,2005,2006,4,N,1,0
MGH06,2006,2006,6,Q,0,0
MGH07,2007,2009,3,Q,2,1
MGN96,1996,1996,11,S,0,0
MHO67,1967,1978,3,N,11,1
MHO70,1970,1973,9,S,3,1
MHO71,1971,1973,9,S,2,1
MHO72,1972,1972,5,Q,0,0
MHOLE,1962,1974,,Q,12,1
MIC08,2008,2009,11,S,1,1
MIC10,2010,2010,6,E,0,0
MIC11,2011,2014,7,S,3,1
MIC12,2012,2012,5,Q,0,0
MIC15,2015,2015,5,Q,0,0
MIC16,2016,2016,6,Q,0,0
MIC17,2017,2017,11,S,0,0
MICKY,1965,1977,12,Q,12,1
MIDGE,1965,1976,11,Q,11,1
MIL21,2021,2021,12,S,0,0
MILDS,1989,2000,,Q,11,1
MLA18,2018,2022,10,S,4,1
MLA20,2020,2022,10,S,2,1
MLD04,2004,2009,1,N,5,1
MLD06,2006,2008,5,N,2,1
MLD07,2007,2007,6,B,0,0
MLN00,2000,2014,11,S,14,1
MLN02,2002,2006,10,S,4,1
MLN04,2004,2005,2,N,1,0
MLN07,2007,2010,10,S,3,1
MLN09,2009,2009,6,Q,0,0
MLN10,2010,2010,6,Q,0,0
MLN97,1997,2011,2,S,14,1
MLN98,1998,1999,4,N,1,0
MLR91,1991,1991,6,A,0,0
MLR92,1992,1992,6,Q,0,0
MLR96,1996,2015,2,N,19,1
MLR98,1998,1999,1,N,1,0
MLT07,2007,2013,1,S,6,1
MND03,2003,2004,1,S,1,
MND99,1999,2014,,,15,1
MNG07,2007,2007,5,Q,0,0
MNG08,2008,2008,5,D,0,0
MNG11,2011,2011,6,A,0,0
MNG12,2012,2013,12,N,1,1
MNG13,2013,2013,11,S,0,0
MNM07,2007,2015,11,S,8,1
MNM09,2009,2009,5,Q,0,0
MNM11,2011,2011,5,D,0,0
MNM12,2012,2017,1,S,5,1
MNM13,2013,2013,5,Q,0,0
MNM14,2014,2017,1,S,3,1
MNM16,2016,2020,8,S,4,1
MNM17,2017,2021,8,S,4,1
MNN05,2005,2005,11,S,0,0
MNS01,2001,2002,3,N,1,0
MNS03,2003,2017,1,S,14,1
MNS06,2006,2014,7,S,8,1
MNS09,2009,2011,10,S,2,1
MNT01,2001,2003,12,S,2,1
MNT03,2003,2005,9,S,2,1
MNT04,2004,2009,12,S,5,1
MNT06,2006,2009,1,S,3,1
MNT08,2008,2009,12,S,1,1
MNT09,2009,2011,2,S,2,1
MNT11,2011,2014,1,S,3,1
MNT99,1999,2005,1,S,6,1
MNX87,1987,1987,6,D,0,0
MNX88,1988,1988,6,D,0,0
MNX89,1989,2005,1,N,16,1
MNX90,1990,2004,2,N,14,1
MNX92,1992,1993,3,N,1,0
MOA70,1970,1979,5,N,9,1
MOA71,1971,1971,5,B,0,0
MOC79,1979,1981,1,N,2,1
MOC80,1980,1982,1,N,2,1
MOC82,1982,1983,3,N,1,0
MOC84,1984,1998,4,N,14,1
MOC85,1985,1986,3,N,1,0
MOD72,1972,1989,1,N,17,1
MOD73,1973,1975,2,A,2,1
MOD74,1974,1986,3,N,12,1
MOE17,2017,2018,2,N,1,0
MOH14,2014,2014,6,Q,0,0
MOJ14,2014,2014,6,Q,0,0
MOJ15,2015,2015,5,B,0,0
MOJ16,2016,2016,6,Q,0,0
MOJ17,2017,2017,6,D,0,0
MOJ18,2018,2018,6,Q,0,0
MOJ19,2019,2023,5,G,4,1
MOJ20,2020,2022,4,N,2,1
MOJ22,2022,2023,2,N,1,0
MOL70,1970,1977,3,N,7,1
MOL71,1971,1971,6,B,0,0
MOL72,1972,1972,5,A,0,0
MOL73,1973,1980,,Q,7,1
MOL74,1974,1974,11,Q,0,0
MOL75,1975,1987,12,S,12,1
MOL77,1977,1979,4,N,2,1
MOL79,1979,1984,5,Q,5,1
MOL83,1983,1983,12,Q,0,0
MOLIN,1969,1974,9,Q,5,1
MOM65,1965,1983,11,A,18,1
MOM67,1967,1980,11,N,13,1
MOM68,1968,1981,1,N,13,1
MOM69,1969,1972,4,Q,3,1
MOM71,1971,1973,4,N,2,1
MOM72,1972,1986,3,N,14,1
MOM73,1973,1973,5,N,0,0
MOM74,1974,1976,3,N,2,1
MOMHI,1961,1975,5,N,14,1
MOO86,1986,1999,1,N,13,1
MOO88,1988,1989,3,N,1,0
MOO90,1990,1991,4,N,1,0
MOO91,1991,1993,2,N,2,1
MOO93,1993,1993,6,Q,0,0
MOO95,1995,1996,5,N,1,1
MOO96,1996,2006,1,N,10,1
MOP72,1972,1972,6,Q,0,0
MOP74,1974,1975,1,N,1,0
MOP76,1976,1977,2,N,1,0
MOP79,1979,1979,6,E,0,0
MOP80,1980,1980,12,N,0,0
MORRI,2000,2006,,Q,6,1
MOS78,1978,1993,1,N,15,1
MOS80,1980,1988,9,S,8,1
MOS82,1982,1983,3,N,1,0
MOS83,1983,1993,1,N,10,1
MOS85,1985,1986,4,N,1,0
MOU00,2000,2005,10,S,5,1
MOU01,2001,2002,3,N,1,0
MOU02,2002,2010,4,Q,8,1
MOU03,2003,2021,3,N,18,1
MOU05,2005,2014,,,9,1
MOU06,2006,2008,5,N,2,1
MOU08,2008,2011,11,S,3,1
MOU09,2009,2016,10,S,7,1
MOU99,1999,2002,8,S,3,1
MOW71,1971,1986,3,N,15,1
MOY73,1973,1986,3,N,13,1
MOY74,1974,1986,1,N,12,1
MOY75,1975,1976,3,N,1,0
MOY76,1976,1986,3,N,10,1
MOY77,1977,1980,9,Q,3,1
MOY78,1978,1980,3,N,2,1
MOY79,1979,1981,4,N,2,1
MOY81,1981,1982,2,N,1,0
MOY82,1982,1997,1,N,15,1
MOZ01,2001,2001,6,Q,0,0
MOZ02,2002,2017,4,N,15,1
MOZ03,2003,2018,,,15,1
MOZ05,2005,2012,9,S,7,1
MOZ07,2007,2008,3,N,1,0
MOZ09,2009,2010,2,N,1,0
MRC19,2019,2019,6,B,0,0
MRC21,2021,2023,8,S,2,1
MRC22,2022,2023,3,N,1,0
MRG03,2003,2015,2,N,12,1
MRG06,2006,2007,1,N,1,0
MRI20,2020,2020,11,S,0,0
MRN01,2001,2002,4,N,1,0
MRN98,1998,2000,3,N,2,1
MRN99,1999,2000,2,N,1,0
MRR23,2023,2023,10,N,0,0
MRY02,2002,2014,,,12,1
MRY04,2004,2005,1,N,1,0
MRY05,2005,2006,3,N,1,0
MRY06,2006,2007,2,N,1,0
MRY97,1997,1999,2,N,2,1
MRY98,1998,1999,3,N,1,0
MRY99,1999,2000,2,N,1,0
MSC22,2022,2023,1,N,1,0
MST99,1999,1999,6,Q,0,0
MSTRL,1976,1986,4,N,10,1
MTT04,2004,2005,3,N,1,0
MTT06,2006,2012,9,S,6,1
MTT08,2008,2022,3,N,14,1
MTT14,2014,2015,2,N,1,0
MUF99,1999,1999,6,Q,0,0
MUL87,1987,1987,,N,0,0
MUR83,1983,1983,6,Q,0,0
MUR85,1985,1999,2,N,14,1
MUR87,1987,1989,3,N,2,1
MUR88,1988,1989,1,N,1,0
MUS77,1977,1993,1,N,16,1
MUS79,1979,1989,3,N,10,1
MUS81,1981,2000,11,S,19,1
MUS83,1983,1988,9,S,5,1
MUS84,1984,2000,11,S,16,1
MUS85,1985,2002,,,17,1
MUS87,1987,2001,6,N,14,1
MUS89,1989,2002,3,N,13,1
MUS91,1991,1991,6,Q,0,0
MYF10,2010,2010,7,Q,0,0
MYF11,2011,2012,2,N,1,0
MYR71,1971,1971,6,Q,0,0
MYR72,1972,1981,3,N,9,1
MYR74,1974,1989,2,N,15,1
MYR76,1976,1978,1,N,2,1
MYRTL,1967,1977,1,N,10,1
MYT76,1976,1977,3,N,1,0
NAI96,1996,2000,,Q,4,1
NAK89,1989,2000,,Q,11,1
NAK90,1990,2000,11,S,10,1
NAK92,1992,1992,11,S,0,0
NAN05,2005,2005,6,Q,0,0
NAN06,2006,2006,6,B,0,0
NAR23,2023,2023,6,B,0,0
NATHN,2003,2010,,Q,7,1
NAU21,2021,2023,8,S,2,1
NAV08,2008,2014,1,S,6,1
NAV09,2009,2012,9,S,3,1
NAV10,2010,2017,9,S,7,1
NAV13,2013,2013,6,Q,0,0
NAV16,2016,2021,10,S,5,1
NAV17,2017,2019,8,S,2,1
NAV18,2018,2023,6,G,5,1
NEB01,2001,2002,2,N,1,0
NEB03,2003,2005,2,N,2,1
NEB04,2004,2004,6,A,0,0
NEB06,2006,2008,4,N,2,1
NEB07,2007,2007,5,B,0,0
NEB08,2008,2008,6,Q,0,0
NEB09,2009,2009,6,B,0,0
NEC02,2002,2011,,,9,1
NEC05,2005,2014,1,S,9,1
NEC06,2006,2016,9,S,10,1
NEC08,2008,2017,11,S,9,1
NEC10,2010,2012,11,S,2,1
NEC12,2012,2019,1,S,7,1
NECKS,1980,1987,8,Q,7,1
NEP96,1996,1999,11,S,3,1
NEP97,1997,1997,6,E,0,0
NEP98,1998,2001,8,S,3,1
NEP99,1999,1999,6,Q,0,0
NET01,2001,2002,2,N,1,0
NET02,2002,2018,8,N,16,1
NET03,2003,2008,8,S,5,1
NET04,2004,2005,3,N,1,0
NET06,2006,2006,5,B,0,0
NET07,2007,2009,5,N,2,1
NET08,2008,2008,12,N,0,0
NET98,1998,1999,4,N,1,0
NET99,1999,2010,3,N,11,1
NIA18,2018,2018,6,Q,0,0
NIA20,2020,2023,8,S,3,1
NIA22,2022,2023,3,N,1,0
NIBSI,1982,1993,1,N,11,1
NICKS,1965,1976,8,S,11,1
NICKY,2003,2009,,Q,6,1
NIV01,2001,2001,7,Q,0,0
NIV02,2002,2002,10,S,0,0
NNE20,2020,2021,1,Q,1,0
NOB72,1972,1972,8,Q,0,0
NOB74,1974,1974,5,D,0,0
NOB75,1975,1975,6,D,0,0
NOB76,1976,1989,5,A,13,1
NOB77,1977,1977,6,Q,0,0
NOB78,1978,1987,10,Q,9,1
NOB79,1979,1980,1,N,1,0
NON80,1980,1981,3,N,1,0
NON82,1982,1983,3,N,1,0
NON83,1983,1983,6,Q,0,0
NON84,1984,1986,3,N,2,1
NON85,1985,1986,2,N,1,0
NON86,1986,1990,10,A,4,1
NON87,1987,1988,3,N,1,0
NON88,1988,1988,6,Q,0,0
NON89,1989,1989,5,B,0,0
NRSWI,1974,1986,3,N,12,1
NTRYL,1965,1978,11,Q,13,1
NUC78,1978,1978,6,Q,0,0
NUC79,1979,1985,8,S,6,1
NUC81,1981,1987,,Q,6,1
NUC85,1985,1986,,Q,1,1
NUT02,2002,2003,10,S,1,1
NYM98,1998,2001,11,S,3,1
OAT87,1987,1993,3,N,6,1
OAT89,1989,2000,4,N,11,1
OAT90,1990,1998,6,C,8,1
OAT92,1992,1993,2,N,1,0
OAT94,1994,2005,4,N,11,1
OAT95,1995,1995,6,B,0,0
OCC84,1984,1986,,Q,2,1
OCC85,1985,1992,4,N,7,1
OCC88,1988,1991,12,S,3,1
OCC89,1989,2000,11,S,11,1
OCC90,1990,1994,8,S,4,1
OCH83,1983,1997,,N,14,1
OCH85,1985,1993,3,N,8,1
OCH87,1987,1993,2,N,6,1
OCH89,1989,1989,5,A,0,0
OCH90,1990,2006,4,N,16,1
OCH92,1992,2004,7,S,12,1
OCH94,1994,1994,6,B,0,0
OCH96,1996,2009,1,Q,13,1
OCH98,1998,2011,3,Q,13,1
OCT22,2022,2022,11,S,0,0
ODDIE,2009,2017,10,S,8,1
ONY08,2008,2008,6,A,0,0
ONY09,2009,2009,5,Q,0,0
ONY10,2010,2010,8,E,0,0
ONY11,2011,2013,9,S,2,1
ONY12,2012,2014,7,S,2,1
ONY13,2013,2017,11,S,4,1
ONY15,2015,2021,11,S,6,1
ONY17,2017,2018,3,N,1,0
ONY21,2021,2022,3,N,1,0
OPA01,2001,2002,4,N,1,0
OPA03,2003,2008,2,N,5,1
OPA04,2004,2005,3,N,1,0
OPA06,2006,2007,4,N,1,0
OPA07,2007,2017,2,N,10,1
OPA10,2010,2010,8,Q,0,0
OPA11,2011,2012,2,N,1,0
OPA99,1999,2004,11,S,5,1
OPE92,1992,1993,3,N,1,0
ORA07,2007,2008,3,N,1,0
ORA09,2009,2011,3,N,2,1
ORA11,2011,2011,6,Q,0,0
ORA12,2012,2012,12,N,0,0
ORA13,2013,2013,6,D,0,0
ORA14,2014,2019,7,S,5,1
ORC95,1995,2009,1,N,14,1
ORC97,1997,2002,2,N,5,1
ORC98,1998,2000,3,N,2,1
ORC99,1999,1999,4,,0,0
ORG01,2001,2001,11,S,0,0
ORIGA,2005,2012,,Q,7,1
ORP91,1991,1991,5,E,0,0
ORP92,1992,2000,2,N,8,1
ORPHA,1970,1980,9,S,10,1
ORY09,2009,2009,6,D,0,0
ORY10,2010,2018,9,S,8,1
ORY12,2012,2023,10,R,11,1
ORY14,2014,2022,9,S,8,1
ORY16,2016,2017,2,N,1,0
OSSIA,1960,1975,1,N,15,1
OST81,1981,1993,4,N,12,1
OTA70,1970,1974,9,S,4,1
OTA71,1971,1973,,E,2,1
OTA72,1972,1976,11,Q,4,1
OTA75,1975,1978,5,S,3,1
OTA76,1976,1989,2,N,13,1
OTA77,1977,1983,8,S,6,1
OTA78,1978,1984,3,N,6,1
OTA79,1979,1979,6,Q,0,0
OTA80,1980,1996,10,Q,16,1
OTA81,1981,1983,3,N,2,1
OTA83,1983,1983,6,Q,0,0
OTA84,1984,1984,6,Q,0,0
OTA85,1985,1986,1,N,1,0
OTAGG,1966,1986,3,N,20,1
OTC75,1975,1979,9,S,4,1
OTC76,1976,1989,3,N,13,1
OTT88,1988,1988,6,Q,0,0
OTT89,1989,2001,12,S,12,1
OUI17,2017,2018,4,N,1,0
OVA00,2000,2002,12,S,2,1
OVA02,2002,2002,10,S,0,0
OVA97,1997,2002,2,N,5,1
OXA01,2001,2001,9,Q,0,0
OXA02,2002,2004,12,Q,2,1
OXA04,2004,2004,6,Q,0,0
OXA05,2005,2005,6,Q,0,0
OXA06,2006,2006,5,,0,0
OXA95,1995,2002,,Q,7,1
OXA96,1996,2000,8,S,4,1
OXA99,1999,2003,11,S,4,1
OXL83,1983,1983,6,D,0,0
OXL85,1985,1985,,N,0,0
OXL88,1988,1989,,N,1,1
OXL90,1990,1990,5,A,0,0
OXY00,2000,2000,6,E,0,0
OXY01,2001,2003,9,S,2,1
OXY03,2003,2009,9,S,6,1
OXY05,2005,2017,2,N,12,1
OXY06,2006,2018,5,N,12,1
OXY09,2009,2023,2,N,14,1
OXY11,2011,2013,4,N,2,1
OYS13,2013,2013,5,Q,0,0
OYS14,2014,2014,6,B,0,0
PACKH,2011,2018,7,S,7,1
PAN00,2000,2014,2,N,14,1
PAN01,2001,2002,2,N,1,0
PAN02,2002,2002,6,Q,0,0
PAN03,2003,2005,2,N,2,1
PAN04,2004,2005,3,N,1,0
PAN05,2005,2011,7,S,6,1
PAN06,2006,2020,12,N,14,1
PAN07,2007,2008,5,N,1,1
PAN09,2009,2011,2,N,2,1
PAP86,1986,1986,6,Q,0,0
PAP87,1987,2004,2,N,17,1
PAP88,1988,1989,4,N,1,0
PAP90,1990,1993,3,N,3,1
PAP91,1991,1993,3,N,2,1
PAP94,1994,2007,3,N,13,1
PAR83,1983,1988,8,S,5,1
PASTO,1971,1984,4,N,13,1
PAT83,1983,1983,8,B,0,0
PATCH,2003,2011,,Q,8,1
PAW19,2019,2022,9,S,3,1
PAW22,2022,2023,1,S,1,
PCL02,2002,2010,12,S,8,1
PCL04,2004,2006,8,S,2,1
PCL06,2006,2010,10,S,4,1
PCL08,2008,2009,1,S,1,
PCN06,2006,2016,9,S,10,1
PCN07,2007,2008,4,N,1,0
PCN08,2008,2009,3,N,1,0
PCN09,2009,2009,7,Q,0,0
PCN10,2010,2018,12,N,8,1
PCN11,2011,2017,11,S,6,1
PCN12,2012,2013,5,N,1,1
PCN13,2013,2014,3,N,1,0
PCN14,2014,2014,5,W,0,0
PCN15,2015,2017,4,N,2,1
PCN16,2016,2017,3,N,1,0
PCN17,2017,2017,6,W,0,0
PCN18,2018,2019,3,N,1,0
PCO03,2003,2004,4,N,1,0
PCO04,2004,2005,1,N,1,0
PCO06,2006,2017,12,S,11,1
PCO07,2007,2007,7,Q,0,0
PCO08,2008,2009,3,Q,1,0
PCO11,2011,2012,1,N,1,0
PEA12,2012,2012,6,Q,0,0
PEA13,2013,2014,1,S,1,
PEC80,1980,1980,6,Q,0,0
PEC81,1981,1991,12,S,10,1
PEC82,1982,1992,4,N,10,1
PEC84,1984,1990,8,S,6,1
PEC85,1985,1999,4,N,14,1
PEC86,1986,1992,11,S,6,1
PEC89,1989,2001,9,S,12,1
PEC90,1990,2001,,Q,11,1
PEC92,1992,1992,6,Q,0,0
PEC93,1993,1993,12,N,0,0
PEE83,1983,1983,4,B,0,0
PEL87,1987,1988,3,N,1,0
PEL89,1989,2000,,Q,11,1
PEL91,1991,1991,6,A,0,0
PEL92,1992,1993,2,N,1,0
PEN84,1984,1986,1,N,2,1
PEN85,1985,1986,3,N,1,0
PEN86,1986,1988,3,N,2,1
PEN87,1987,1989,6,Q,2,1
PEN88,1988,1989,1,N,1,0
PEN90,1990,2005,3,N,15,1
PEN91,1991,1992,3,N,1,0
PEN92,1992,1993,1,N,1,0
PEP84,1984,1984,6,E,0,0
PEP85,1985,2000,2,N,15,1
PEP86,1986,1993,8,S,7,1
PEP88,1988,1994,8,Q,6,1
PEP90,1990,1998,10,S,8,1
PEP91,1991,2003,10,S,12,1
PEP93,1993,2002,1,S,9,1
PEP94,1994,1995,3,N,1,0
PEP95,1995,1998,8,S,3,1
PEP97,1997,1997,7,Q,0,0
PEP99,1999,1999,6,E,0,0
PER79,1979,1981,3,N,2,1
PER81,1981,1982,,Q,1,1
PERCY,1995,2011,,Q,16,1
PET83,1983,1993,2,N,10,1
PET85,1985,1997,4,N,12,1
PET87,1987,2005,3,N,18,1
PET88,1988,1991,12,S,3,1
PETES,1966,1979,1,N,13,1
PGB71,1971,1971,7,Q,0,0
PGB74,1974,1991,5,N,17,1
PGB75,1975,1981,12,S,6,1
PGB77,1977,1978,2,N,1,0
PGB80,1980,1980,6,Q,0,0
PGB83,1983,1999,10,S,16,1
PGB85,1985,1985,7,Q,0,0
PGB86,1986,1986,6,Q,0,0
PHA07,2007,2007,6,E,0,0
PHA10,2010,2012,11,S,2,1
PHA12,2012,2013,11,S,1,1
PHA13,2013,2013,11,S,0,0
PHE18,2018,2018,6,B,0,0
PHL95,1995,1995,6,B,0,0
PHL96,1996,2000,5,C,4,1
PHL98,1998,1999,2,N,1,0
PHO79,1979,1979,7,Q,0,0
PHO80,1980,1981,2,N,1,0
PIB83,1983,1993,3,N,10,1
PIB85,1985,1986,4,N,1,0
PIBRO,1973,1988,4,N,15,1
PIC00,2000,2002,1,S,2,1
PIC89,1989,1989,6,B,0,0
PIC90,1990,2000,2,N,10,1
PIC91,1991,1997,10,S,6,1
PIC93,1993,1998,7,S,5,1
PIC96,1996,2000,8,S,4,1
PIC98,1998,2009,1,S,11,1
PID89,1989,1999,4,N,10,1
PID91,1991,1993,2,N,2,1
PID92,1992,1993,3,N,1,0
PID94,1994,1998,7,S,4,1
PID95,1995,2010,1,N,15,1
PID96,1996,2003,9,S,7,1
PID97,1997,2012,2,N,15,1
PID99,1999,2000,5,N,1,1
PII17,2017,2017,11,S,0,0
PIL98,1998,2001,9,S,3,1
PIL99,1999,1999,7,Q,0,0
PIMPE,2007,2013,,Q,6,1
PIN74,1974,1986,1,N,12,1
PIN76,1976,1976,7,Q,0,0
PIN77,1977,1977,7,Q,0,0
PIN78,1978,1990,4,N,12,1
PIN80,1980,1981,3,N,1,0
PIN83,1983,1984,1,N,1,0
PINCS,1964,1976,3,N,12,1
PIP98,1998,1998,10,S,0,0
PKN10,2010,2010,6,Q,0,0
PKN18,2018,2022,11,S,4,1
PKN19,2019,2022,11,S,3,1
PLO77,1977,1983,5,C,6,1
PLO79,1979,1989,2,N,10,1
PLO82,1982,2001,4,N,19,1
PLO84,1984,1990,11,N,6,1
PLO86,1986,1987,4,N,1,0
PLO88,1988,1989,1,N,1,0
PLS17,2017,2017,8,Q,0,0
PLS18,2018,2022,11,S,4,1
PLS21,2021,2021,5,E,0,0
PLU84,1984,1991,8,S,7,1
PLV22,2022,2022,5,B,0,0
PLV23,2023,2023,11,S,0,0
PMI23,2023,2023,6,,0,0
PMP04,2004,2004,6,Q,0,0
PNT98,1998,1999,1,A,1,0
POINT,1968,1982,1,N,14,1
POL72,1972,1972,7,Q,0,0
POL73,1973,1986,3,N,13,1
POL74,1974,1974,6,D,0,0
POL75,1975,1976,3,N,1,0
POL76,1976,1976,6,D,0,0
POL77,1977,1991,4,N,14,1
POL79,1979,1995,3,N,16,1
POL81,1981,1982,2,N,1,0
POL82,1982,1983,2,N,1,0
POL84,1984,1986,3,N,2,1
POLLU,1969,1985,3,N,16,1
POM01,2001,2007,10,S,6,1
POM03,2003,2004,4,N,1,0
POM04,2004,2005,2,N,1,0
POM06,2006,2010,7,S,4,1
POM07,2007,2008,3,N,1,0
POM97,1997,2014,2,N,17,1
POM99,1999,2000,4,N,1,0
POR92,1992,1992,12,N,0,0
POT09,2009,2009,5,E,0,0
POT10,2010,2010,5,D,0,0
PPK94,1994,1996,2,N,2,1
PPK96,1996,1998,8,S,2,1
PPL11,2011,2019,1,S,8,1
PPL12,2012,2016,11,S,4,1
PPL14,2014,2020,9,S,6,1
PPL15,2015,2019,1,S,4,1
PPL16,2016,2023,10,S,7,1
PPT11,2011,2012,3,N,1,0
PPT13,2013,2014,2,N,1,0
PPT16,2016,2017,2,N,1,0
PPT17,2017,2017,6,B,0,0
PPT18,2018,2018,6,D,0,0
PPT19,2019,2019,6,D,0,0
PPT20,2020,2021,3,N,1,0
PPT22,2022,2022,7,Q,0,0
PPU22,2022,2022,6,Q,0,0
PPY10,2010,2010,6,D,0,0
PPY11,2011,2012,2,S,1,
PPY12,2012,2012,2,,0,0
PRA88,1988,1988,6,Q,0,0
PRA89,1989,1990,10,A,1,1
PRA91,1991,1996,1,N,5,1
PRA92,1992,1992,6,D,0,0
PRC04,2004,2005,3,N,1,0
PRC05,2005,2005,6,A,0,0
PRC06,2006,2021,12,S,15,1
PRC07,2007,2013,12,S,6,1
PRC09,2009,2019,1,S,10,1
PRC11,2011,2011,5,Q,0,0
PRC12,2012,2018,12,S,6,1
PRI77,1977,1977,9,Q,0,0
PRI79,1979,1992,12,S,13,1
PRI81,1981,1981,6,E,0,0
PRI82,1982,1987,9,S,5,1
PRI85,1985,1991,9,S,6,1
PRI87,1987,1989,3,N,2,1
PRI90,1990,1992,12,S,2,1
PRI91,1991,1991,5,,0,0
PRK83,1983,1995,3,N,12,1
PRL17,2017,2021,11,S,4,1
PRL18,2018,2023,8,S,5,1
PRL19,2019,2020,10,S,1,1
PRL21,2021,2021,11,S,0,0
PRN01,2001,2007,10,A,6,1
PRN98,1998,2000,8,S,2,1
PRN99,1999,2006,7,S,7,1
PROCO,1968,1975,9,S,7,1
PRONG,1964,1976,9,S,12,1
PROXY,2000,2009,10,Q,9,1
PRS93,1993,2008,,Q,15,1
PRS95,1995,2001,9,S,6,1
PRS97,1997,2000,11,S,3,1
PRS98,1998,2002,10,S,4,1
PRS99,1999,1999,11,S,0,0
PRT96,1996,1997,5,N,1,1
PRT97,1997,2008,9,S,11,1
PRT99,1999,2000,2,N,1,0
PSE15,2015,2015,6,E,0,0
PSS10,2010,2013,9,S,3,1
PSS12,2012,2019,10,S,7,1
PSS14,2014,2018,12,S,4,1
PSS16,2016,2019,7,S,3,1
PSS18,2018,2022,10,S,4,1
PSS20,2020,2023,8,S,3,1
PSS22,2022,2022,12,N,0,0
PTA02,2002,2002,10,S,0,0
PTL00,2000,2002,2,N,2,1
PTL02,2002,2004,4,N,2,1
PTL93,1993,2001,12,Q,8,1
PTL94,1994,1995,3,N,1,0
PTL95,1995,1997,3,N,2,1
PTL96,1996,1996,7,Q,0,0
PTL97,1997,1999,4,N,2,1
PTL98,1998,1999,3,N,1,0
PTN87,1987,1988,4,N,1,0
PTN89,1989,1990,3,N,1,0
PTN90,1990,1991,4,N,1,0
PTN92,1992,1992,5,Q,0,0
PTN93,1993,2004,4,N,11,1
PTN94,1994,1994,5,B,0,0
PTN95,1995,1995,5,Q,0,0
PUE15,2015,2019,8,S,4,1
PUE16,2016,2017,2,N,1,0
PUE17,2017,2021,10,S,4,1
PUE19,2019,2020,5,A,1,1
PUF01,2001,2001,12,N,0,0
PUF03,2003,2004,4,N,1,0
PUF04,2004,2005,3,N,1,0
PUF05,2005,2006,3,N,1,0
PUF06,2006,2023,10,A,17,1
PUF07,2007,2008,5,N,1,1
PUF08,2008,2008,6,Q,0,0
PUF10,2010,2011,3,N,1,0
PUF11,2011,2011,6,W,0,0
PUF12,2012,2013,5,N,1,1
PUF13,2013,2013,6,W,0,0
PUM08,2008,2012,1,S,4,1
PUM10,2010,2011,2,Q,1,0
PYTHA,2005,2014,,,9,1
QIN20,2020,2022,11,S,2,1
QIN22,2022,2022,11,S,0,0
QTZ12,2012,2014,4,N,2,1
QTZ13,2013,2013,6,Q,0,0
QTZ19,2019,2020,2,N,1,0
QUA79,1979,1980,4,N,1,0
QUA81,1981,1982,1,N,1,0
QUA83,1983,1983,6,A,0,0
QUA84,1984,1984,6,A,0,0
QUA85,1985,1985,6,Q,0,0
QUA86,1986,1986,6,Q,0,0
QUA87,1987,1989,1,N,2,1
QUE21,2021,2021,10,Q,0,0
QUI82,1982,1983,2,N,1,0
QUINS,1974,1986,5,N,12,1
QUN00,2000,2001,12,S,1,1
QUN92,1992,1993,2,N,1,0
QUN96,1996,1996,7,Q,0,0
QUN97,1997,2001,12,S,4,1
QUN98,1998,2001,12,S,3,1
QUN99,1999,1999,6,Q,0,0
RAD08,2008,2008,11,S,0,0
RAN79,1979,1980,3,N,1,0
RAN81,1981,1981,6,Q,0,0
RAN82,1982,1982,6,D,0,0
RAN84,1984,1986,,Q,2,1
RAN85,1985,1986,4,N,1,0
RAP00,2000,2008,8,S,8,1
RAP02,2002,2004,7,S,2,1
RAP03,2003,2012,6,N,9,1
RAP06,2006,2016,7,Q,10,1
RAP97,1997,2003,9,C,6,1
RAP98,1998,2000,3,N,2,1
RAS17,2017,2018,4,N,1,0
RBY02,2002,2016,12,N,14,1
RBY03,2003,2023,9,N,20,1
RBY05,2005,2022,4,N,17,1
RBY06,2006,2014,7,S,8,1
RBY07,2007,2017,8,S,10,1
RBY09,2009,2010,2,N,1,0
RBY10,2010,2011,4,N,1,0
RBY12,2012,2016,10,S,4,1
RDD08,2008,2009,2,N,1,0
RDD10,2010,2010,5,B,0,0
RDD12,2012,2016,9,S,4,1
RDD13,2013,2020,9,S,7,1
RDD14,2014,2020,1,S,6,1
RDD16,2016,2018,12,S,2,1
RDD17,2017,2017,6,Q,0,0
RDD18,2018,2019,7,A,1,1
RDD19,2019,2022,7,S,3,1
RDD20,2020,2020,5,B,0,0
RED72,1972,1981,1,N,9,1
RED73,1973,1983,5,N,10,1
RED74,1974,1992,12,N,18,1
RED75,1975,1978,5,S,3,1
RED76,1976,1976,6,A,0,0
RED77,1977,1991,8,S,14,1
RED79,1979,1992,4,N,13,1
RED81,1981,1992,4,N,11,1
RED82,1982,1993,4,N,11,1
RED84,1984,1986,3,N,2,1
REDYE,1969,1989,1,N,20,1
RES16,2016,2019,11,S,3,1
RET78,1978,1979,4,N,1,0
RGR69,1969,1979,12,N,10,1
RGR70,1970,1973,,S,3,1
RGR71,1971,1985,6,Q,14,1
RGR72,1972,1982,2,N,10,1
RGR73,1973,1979,10,A,6,1
RGR74,1974,1978,3,N,4,1
RGR75,1975,1975,11,Q,0,0
RGR76,1976,1977,3,N,1,0
RGR77,1977,1978,1,N,1,0
RGR78,1978,1978,6,Q,0,0
RGR79,1979,1979,7,Q,0,0
RGR80,1980,1981,3,N,1,0
RGR81,1981,1981,9,Q,0,0
RGRHI,1966,1981,10,Q,15,1
RHB20,2020,2021,3,N,1,0
RHB22,2022,2022,6,Q,0,0
RHE09,2009,2011,12,N,2,1
RHE12,2012,2014,1,N,2,1
RHE13,2013,2013,12,N,0,0
RHE16,2016,2017,2,N,1,0
RHINO,1989,2000,,Q,11,1
RHY82,1982,1995,3,N,13,1
RHY84,1984,1993,3,N,9,1
RHY86,1986,1999,5,N,13,1
RHY88,1988,1995,7,Q,7,1
RHY92,1992,1993,2,N,1,0
RIB00,2000,2000,10,Q,0,0
RIB02,2002,2006,10,S,4,1
RIB03,2003,2005,4,N,2,1
RIB05,2005,2011,1,S,6,1
RIB07,2007,2008,1,N,1,0
RIE21,2021,2022,1,N,1,0
RIE23,2023,2023,9,Q,0,0
RMX01,2001,2002,2,N,1,0
RNG04,2004,2005,3,N,1,0
ROB12,2012,2012,6,B,0,0
ROB13,2013,2022,7,S,9,1
ROB16,2016,2016,6,A,0,0
ROB17,2017,2023,10,S,6,1
ROCKY,1976,1992,1,A,16,1
ROGER,2001,2013,,Q,12,1
ROM02,2002,2007,12,S,5,1
ROM09,2009,2009,12,S,0,0
ROM98,1998,2000,3,N,2,1
RON86,1986,1986,7,E,0,0
ROW74,1974,1981,9,Q,7,1
ROW77,1977,1987,5,Q,10,1
RPP03,2003,2009,6,C,6,1
RPP05,2005,2005,6,Q,0,0
RPP06,2006,2018,10,S,12,1
RPP09,2009,2017,8,S,8,1
RPP10,2010,2011,4,N,1,0
RPP11,2011,2015,11,S,4,1
RPP12,2012,2017,12,S,5,1
RPP13,2013,2014,1,N,1,0
RSS12,2012,2012,6,B,0,0
RSS13,2013,2013,12,N,0,0
RSS14,2014,2014,11,S,0,0
RTH72,1972,1989,5,N,17,1
RTH74,1974,1974,8,Q,0,0
RTN67,1967,1979,4,N,12,1
RTN70,1970,1979,1,N,9,1
RTN72,1972,1972,5,Q,0,0
RTN73,1973,1982,4,N,9,1
RTN74,1974,1979,1,N,5,1
RTN75,1975,1975,6,B,0,0
RTN76,1976,1983,,Q,7,1
RTN77,1977,1977,5,Q,0,0
RTNIC,1963,1978,1,N,15,1
RUB04,2004,2004,5,Q,0,0
RUB05,2005,2009,1,N,4,1
RUB06,2006,2006,6,E,0,0
RUB10,2010,2011,3,N,1,0
RUF00,2000,2014,2,N,14,1
RUF02,2002,2022,12,N,20,1
RUF03,2003,2004,4,N,1,0
RUF04,2004,2005,2,N,1,0
RUF05,2005,2006,4,N,1,0
RUF06,2006,2009,11,S,3,1
RUF07,2007,2008,2,N,1,0
RUF08,2008,2009,3,N,1,0
RUF09,2009,2019,11,S,10,1
RUF10,2010,2011,3,N,1,0
RUF12,2012,2016,9,S,4,1
RUI09,2009,2010,6,S,1,1
RUI12,2012,2012,5,B,0,0
RUM01,2001,2013,9,C,12,1
RUM03,2003,2015,9,S,12,1
RUM04,2004,2017,,Q,13,1
RUM06,2006,2007,3,N,1,0
RUM07,2007,2012,7,S,5,1
RUM12,2012,2012,6,Q,0,0
RUM13,2013,2013,12,N,0,0
RUM99,1999,2000,2,N,1,0
RUSTY,2003,2011,10,R,8,1
SAE17,2017,2018,3,N,1,0
SAF80,1980,1999,2,N,19,1
SAF82,1982,1993,2,N,11,1
SAF83,1983,1984,3,N,1,0
SAF84,1984,1987,7,A,3,1
SAF85,1985,1999,2,N,14,1
SAF87,1987,1987,6,B,0,0
SAF90,1990,1991,3,N,1,0
SAF92,1992,1993,2,N,1,0
SAG03,2003,2005,2,N,2,1
SAG04,2004,2005,3,N,1,0
SAG06,2006,2006,8,Q,0,0
SAG07,2007,2008,2,N,1,0
SAG08,2008,2009,4,N,1,0
SAG10,2010,2010,8,Q,0,0
SAG13,2013,2014,3,N,1,0
SAG99,1999,1999,6,B,0,0
SAGGY,1965,1979,3,N,14,1
SAL90,1990,1990,8,Q,0,0
SAL92,1992,1992,12,N,0,0
SALAM,2014,2023,8,S,9,1
SAM88,1988,1989,2,N,1,0
SAM90,1990,1991,3,N,1,0
SAM91,1991,1992,3,N,1,0
SAM92,1992,1993,2,N,1,0
SAM94,1994,2016,,Q,22,1
SAM95,1995,1999,10,C,4,1
SAM97,1997,2005,,Q,8,1
SAM99,1999,2000,2,N,1,0
SAMES,1974,1980,9,Q,6,1
SAMSS,1964,1976,3,N,12,1
SANDY,1994,2005,,Q,11,1
SANTR,1994,2002,,Q,8,1
SAO02,2002,2003,10,S,1,1
SAP06,2006,2007,4,N,1,0
SAP08,2008,2009,4,Q,1,0
SAP11,2011,2012,3,N,1,0
SAP12,2012,2021,11,S,9,1
SAP15,2015,2015,6,Q,0,0
SAP16,2016,2017,3,N,1,0
SARGA,2006,2018,,,12,1
SAT86,1986,1986,8,Q,0,0
SAT87,1987,1989,2,N,2,1
SAU00,2000,2000,11,S,0,0
SAU95,1995,1997,1,S,2,1
SAX00,2000,2004,12,S,4,1
SAX03,2003,2006,,Q,3,1
SAX97,1997,2002,10,S,5,1
SAX98,1998,2005,11,S,7,1
SAX99,1999,2005,11,S,6,1
SCA91,1991,1992,2,N,1,0
SCA93,1993,1993,6,Q,0,0
SCA95,1995,1997,4,N,2,1
SCA97,1997,1997,10,Q,0,0
SCA98,1998,1998,7,D,0,0
SCA99,1999,1999,12,N,0,0
SCI84,1984,1984,6,Q,0,0
SCI85,1985,1986,3,N,1,0
SCI87,1987,2001,,Q,14,1
SCO71,1971,1979,8,Q,8,1
SCO72,1972,1982,6,Q,10,1
SCO74,1974,1986,3,N,12,1
SCO75,1975,1988,2,N,13,1
SCO76,1976,1994,3,N,18,1
SCO77,1977,1991,4,N,14,1
SCO78,1978,1992,4,N,14,1
SCO79,1979,1980,11,N,1,1
SCO81,1981,1993,2,N,12,1
SCO83,1983,1990,3,N,7,1
SCO85,1985,1985,6,Q,0,0
SCOLL,1967,1986,3,N,19,1
SCOWL,1988,2002,3,N,14,1
SCP07,2007,2008,3,N,1,0
SCP09,2009,2013,9,S,4,1
SCP12,2012,2012,5,D,0,0
SCP13,2013,2013,5,D,0,0
SCP14,2014,2015,4,N,1,0
SCP15,2015,2020,10,S,5,1
SCP17,2017,2018,1,A,1,0
SCR00,2000,2003,7,S,3,1
SCR01,2001,2004,7,S,3,1
SCR03,2003,2006,8,S,3,1
SCR04,2004,2017,11,S,13,1
SCR07,2007,2008,1,N,1,0
SCR97,1997,1998,3,N,1,0
SCR99,1999,1999,5,Q,0,0
SCT03,2003,2006,10,S,3,1
SCT05,2005,2009,9,S,4,1
SCT07,2007,2010,10,S,3,1
SCT09,2009,2014,11,S,5,1
SDP18,2018,2020,2,N,2,1
SDP20,2020,2020,10,S,0,0
SDVIW,1960,1976,3,N,16,1
SDY13,2013,2016,11,S,3,1
SDY14,2014,2019,2,S,5,1
SDY16,2016,2023,11,S,7,1
SDY19,2019,2023,1,S,4,1
SDY21,2021,2022,1,N,1,0
SEE93,1993,1995,5,N,2,1
SEE96,1996,2005,4,N,9,1
SEL21,2021,2021,6,Q,0,0
SEL22,2022,2023,2,S,1,
SEM88,1988,1989,2,N,1,0
SEM90,1990,1993,3,N,3,1
SEM91,1991,1992,3,N,1,0
SEM92,1992,1993,2,N,1,0
SEM94,1994,2002,7,S,8,1
SEM95,1995,2014,2,N,19,1
SEP77,1977,1988,9,S,11,1
SEP78,1978,1985,9,S,7,1
SEP82,1982,1982,6,Q,0,0
SEP83,1983,2000,1,N,17,1
SEP84,1984,1996,1,N,12,1
SEP86,1986,1989,11,Q,3,1
SEP87,1987,1988,2,N,1,0
SEQ01,2001,2017,3,N,16,1
SEQ03,2003,2008,9,S,5,1
SEQ07,2007,2017,8,S,10,1
SEQ95,1995,2005,11,S,10,1
SEQ96,1996,2011,4,N,15,1
SEQ97,1997,1997,6,Q,0,0
SEQ98,1998,2005,7,S,7,1
SEQ99,1999,2013,12,N,14,1
SER01,2001,2002,2,N,1,0
SER99,1999,2000,4,N,1,0
SES86,1986,1986,6,Q,0,0
SES87,1987,1989,3,N,2,1
SES88,1988,1989,2,N,1,0
SES89,1989,1996,10,Q,7,1
SES91,1991,1991,5,E,0,0
SES92,1992,1993,2,N,1,0
SES94,1994,1995,3,N,1,0
SEY92,1992,2002,2,S,10,1
SFY06,2006,2012,11,S,6,1
SHA92,1992,1993,3,N,1,0
SHADO,2005,2012,,Q,7,1
SHAGG,2003,2015,10,S,12,1
SHE12,2012,2014,1,S,2,1
SHI99,1999,1999,12,N,0,0
SHL01,2001,2002,5,N,1,1
SHL04,2004,2005,3,N,1,0
SHN02,2002,2002,10,S,0,0
SHO16,2016,2023,11,S,7,1
SHO17,2017,2022,10,S,5,1
SHO19,2019,2022,7,S,3,1
SHO20,2020,2022,8,S,2,1
SHO21,2021,2022,7,S,1,1
SHOBO,2013,2021,9,S,8,1
SHTNK,1994,2002,,Q,8,1
SHZ12,2012,2013,1,S,1,
SIC75,1975,1981,9,Q,6,1
SIC78,1978,1992,3,N,14,1
SID74,1974,1974,6,Q,0,0
SID75,1975,1975,6,Q,0,0
SID76,1976,1977,4,N,1,0
SIE73,1973,1981,2,Q,8,1
SIE75,1975,1978,3,N,3,1
SIE77,1977,1979,4,N,2,1
SIE78,1978,1979,3,N,1,0
SIE79,1979,1979,6,Q,0,0
SIE81,1981,1982,2,N,1,0
SIE82,1982,1993,1,N,11,1
SIE83,1983,1984,12,N,1,1
SIE85,1985,1986,2,N,1,0
SIG06,2006,2006,6,Q,0,0
SIG07,2007,2007,6,A,0,0
SIG08,2008,2009,4,N,1,0
SIG09,2009,2009,6,B,0,0
SIL79,1979,1979,6,Q,0,0
SIL82,1982,1982,6,Q,0,0
SIN21,2021,2021,5,Q,0,0
SIS83,1983,1984,1,N,1,0
SIS91,1991,1992,2,N,1,0
SKA82,1982,1993,3,N,11,1
SKA85,1985,2000,3,N,15,1
SKA87,1987,1989,3,N,2,1
SKA89,1989,1989,6,Q,0,0
SKI94,1994,2002,8,Q,8,1
SKI95,1995,1995,6,Q,0,0
SKI97,1997,1999,3,N,2,1
SKI98,1998,1998,6,B,0,0
SKU01,2001,2001,12,,0,0
SKU91,1991,1991,11,N,0,0
SKU93,1993,1995,5,N,2,1
SKU94,1994,1995,1,N,1,0
SKU95,1995,1997,3,N,2,1
SKU97,1997,2010,10,R,13,1
SKU99,1999,1999,12,N,0,0
SLA03,2003,2012,5,A,9,1
SLA05,2005,2005,8,Q,0,0
SLA07,2007,2018,1,N,11,1
SLA99,1999,1999,6,Q,0,0
SLE76,1976,1982,,Q,6,1
SLE77,1977,1984,,Q,7,1
SLIPP,1970,1983,1,N,13,1
SLITE,,2005,,,,
SLITS,1982,1990,9,Q,8,1
SLITT,2009,2017,10,S,8,1
SLK14,2014,2014,6,Q,0,0
SLK15,2015,2015,11,S,0,0
SLL04,2004,2005,3,N,1,0
SLL06,2006,2009,9,S,3,1
SLL07,2007,2023,3,N,16,1
SLL09,2009,2014,6,C,5,1
SLL10,2010,2010,6,Q,0,0
SLL11,2011,2012,2,N,1,0
SLL13,2013,2014,1,N,1,0
SLO00,2000,2001,4,N,1,0
SLO01,2001,2014,3,N,13,1
SLO03,2003,2004,4,N,1,0
SLO05,2005,2018,3,N,13,1
SLO07,2007,2008,2,N,1,0
SLO98,1998,2000,3,N,2,1
SLO99,1999,2000,2,N,1,0
SLR03,2003,2003,10,A,0,0
SLR05,2005,2006,2,N,1,0
SLR06,2006,2007,3,N,1,0
SLR08,2008,2009,4,N,1,0
SLR09,2009,2009,6,Q,0,0
SLR10,2010,2010,6,Q,0,0
SLR11,2011,2012,4,N,1,0
SLR13,2013,2014,3,N,1,0
SLT86,1986,2000,3,N,14,1
SMB21,2021,2021,5,Q,0,0
SME83,1983,1983,5,B,0,0
SME84,1984,2000,2,N,16,1
SME86,1986,1986,6,Q,0,0
SME87,1987,1989,2,N,2,1
SME90,1990,1991,1,N,1,0
SML17,2017,2017,5,Q,0,0
SMO22,2022,2022,5,Q,0,0
SNI76,1976,1976,8,E,0,0
SNI77,1977,1988,6,C,11,1
SNI79,1979,1981,3,N,2,1
SNI81,1981,1982,3,N,1,0
SNZ05,2005,2005,11,S,0,0
SOA14,2014,2014,6,Q,0,0
SOA15,2015,2017,3,N,2,1
SOA16,2016,2016,6,Q,0,0
SOA17,2017,2018,1,N,1,0
SOA21,2021,2022,4,N,1,0
SOA22,2022,2023,1,N,1,0
SOB68,1968,1992,2,N,24,1
SOB69,1969,1974,8,S,5,1
SOB70,1970,1981,8,S,11,1
SOB71,1971,1975,9,S,4,1
SOB72,1972,1975,,Q,3,1
SOB73,1973,1978,8,S,5,1
SOB74,1974,1988,1,N,14,1
SOBHR,1961,1975,4,N,14,1
SOFTS,1987,1997,8,Q,10,1
SOL88,1988,1988,6,A,0,0
SOL89,1989,1997,8,S,8,1
SOL91,1991,1991,6,A,0,0
SOL92,1992,1992,6,B,0,0
SOL93,1993,1999,8,S,6,1
SOL96,1996,2000,8,S,4,1
SOL98,1998,2000,11,S,2,1
SOLOM,1972,1982,2,N,10,1
SOO72,1972,1982,10,Q,10,1
SOO74,1974,1974,5,Q,0,0
SOOO7,1973,1973,6,E,0,0
SOOTY,1968,1974,6,C,6,1
SOP15,2015,2015,5,Q,0,0
SOP16,2016,2017,1,N,1,0
SOP17,2017,2018,1,N,1,0
SOP18,2018,2019,3,N,1,0
SOR84,1984,1997,4,N,13,1
SOR86,1986,1986,6,Q,0,0
SOUTH,2006,2012,,Q,6,1
SOX04,2004,2019,2,S,15,1
SOX06,2006,2015,9,S,9,1
SOX07,2007,2011,10,S,4,1
SOX08,2008,2022,6,Q,14,1
SOX10,2010,2012,2,S,2,1
SOX11,2011,2014,8,S,3,1
SOX12,2012,2014,7,F,2,1
SOX13,2013,2014,4,N,1,0
SOX15,2015,2017,3,N,2,1
SOX16,2016,2018,1,N,2,1
SPA16,2016,2016,8,Q,0,0
SPD00,2000,2011,8,S,11,1
SPD01,2001,2017,2,N,16,1
SPD12,2012,2012,11,S,0,0
SPD98,1998,1999,2,N,1,0
SPD99,1999,2000,3,N,1,0
SPI01,2001,2008,10,S,7,1
SPI03,2003,2003,6,D,0,0
SPI97,1997,2001,,Q,4,1
SPI99,1999,1999,5,D,0,0
SPIND,1968,1977,,S,9,1
SPL04,2004,2015,9,S,11,1
SPL06,2006,2010,8,S,4,1
SPL08,2008,2009,4,N,1,0
SPL97,1997,2010,9,S,13,1
SPL98,1998,2012,11,S,14,1
SPL99,1999,2007,8,S,8,1
SPOOK,2002,2009,,Q,7,1
SPR71,1971,1971,6,Q,0,0
SPR72,1972,1977,4,A,5,1
SPR73,1973,1974,3,N,1,0
SPR74,1974,1974,6,Q,0,0
SPREA,1960,1974,12,N,14,1
SPRIG,1973,1986,3,N,13,1
SPS21,2021,2022,12,S,1,1
SPS22,2022,2022,12,S,0,0
SPT17,2017,2017,6,Q,0,0
SPT18,2018,2022,10,S,4,1
SPT21,2021,2021,6,Q,0,0
SPT22,2022,2022,6,G,0,0
SPU16,2016,2016,10,Q,0,0
SPUDS,1963,1975,3,A,12,1
SPY13,2013,2017,10,S,4,1
SPY14,2014,2019,12,S,5,1
SPY16,2016,2018,3,N,2,1
SPY18,2018,2022,12,S,4,1
SPY20,2020,2021,3,N,1,0
SPZ22,2022,2022,6,Q,0,0
SPZ23,2023,2023,5,G,0,0
SQU00,2000,2000,6,Q,0,0
SQU01,2001,2006,6,C,5,1
SQU03,2003,2003,7,B,0,0
SQU04,2004,2005,3,N,1,0
SQU95,1995,2001,10,Q,6,1
SQU97,1997,2003,10,S,6,1
SQUAS,1990,2002,,Q,12,1
SRL91,1991,2007,6,Q,16,1
SRL92,1992,1993,2,N,1,0
SSK04,2004,2004,12,N,0,0
SSK06,2006,2015,6,C,9,1
STA00,2000,2001,4,N,1,0
STA94,1994,1995,4,N,1,0
STA95,1995,1995,11,N,0,0
STA97,1997,2009,6,C,12,1
STA98,1998,1998,6,Q,0,0
STARN,1966,1980,1,A,14,1
STB04,2004,2004,11,S,0,0
STE05,2005,2010,1,S,5,1
STE98,1998,1998,6,B,0,0
STERN,2004,2017,2,Q,13,1
STI02,2002,2017,2,N,15,1
STI93,1993,1993,7,B,0,0
STI94,1994,2010,12,S,16,1
STI95,1995,2003,3,N,8,1
STI96,1996,2013,12,N,17,1
STI98,1998,2000,3,N,2,1
STI99,1999,2003,7,S,4,1
STN09,2009,2010,2,N,1,0
STN10,2010,2010,12,N,0,0
STN11,2011,2011,6,B,0,0
STN12,2012,2016,11,S,4,1
STN13,2013,2015,12,S,2,1
STN14,2014,2015,12,S,1,1
STN15,2015,2015,12,S,0,0
STO01,2001,2002,2,N,1,0
STO93,1993,1993,6,B,0,0
STO94,1994,1995,4,N,1,0
STO96,1996,2012,2,N,16,1
STO98,1998,2016,2,N,18,1
STO99,1999,2006,9,S,7,1
STR00,2000,2008,7,Q,8,1
STR03,2003,2005,2,N,2,1
STR95,1995,1995,5,Q,0,0
STR96,1996,2013,4,N,17,1
STU85,1985,1985,6,Q,0,0
STUAR,1998,2010,2,N,12,1
STUBB,1971,1979,8,S,8,1
STULS,1971,1981,2,A,10,1
STUMP,1968,1979,3,N,11,1
SUD18,2018,2018,5,Q,0,0
SUD19,2019,2020,1,S,1,
SUL84,1984,1984,6,D,0,0
SUL85,1985,1986,4,N,1,0
SUL86,1986,1986,6,Q,0,0
SUL87,1987,1989,4,N,2,1
SUL88,1988,1989,4,N,1,0
SUL89,1989,1994,9,S,5,1
SUL90,1990,2009,4,N,19,1
SUL91,1991,1991,9,Q,0,0
SUL92,1992,1993,1,N,1,0
SUL94,1994,2006,12,A,12,1
SUL96,1996,1999,7,A,3,1
SULUU,2014,2023,3,Q,9,1
SUN89,1989,1990,2,N,1,0
SUN91,1991,1995,9,S,4,1
SUN93,1993,2009,2,Q,16,1
SUN94,1994,1995,5,N,1,1
SUN96,1996,2000,8,S,4,1
SUN98,1998,2002,3,S,4,1
SUR86,1986,2000,3,N,14,1
SUR87,1987,2007,1,N,20,1
SUR89,1989,1993,2,N,4,1
SUR91,1991,2000,11,S,9,1
SUR92,1992,1993,3,N,1,0
SUR94,1994,1999,8,A,5,1
SUR95,1995,2014,1,S,19,1
SUR97,1997,2005,9,S,8,1
SUR99,1999,2005,1,S,6,1
SUT98,1998,1998,6,E,0,0
SUT99,1999,2000,3,N,1,0
SVG16,2016,2016,6,B,0,0
SVG20,2020,2022,3,N,2,1
SWA01,2001,2001,6,Q,0,0
SWA02,2002,2004,4,N,2,1
SWA95,1995,1995,6,Q,0,0
SWA96,1996,1996,11,N,0,0
SWA98,1998,2008,3,N,10,1
SWI88,1988,2003,2,N,15,1
SWI89,1989,1992,3,N,3,1
SWI91,1991,1992,4,N,1,0
SWI92,1992,1993,3,N,1,0
SWT11,2011,2018,11,Q,7,1
SWT12,2012,2014,8,S,2,1
SWT13,2013,2019,10,S,6,1
SWT15,2015,2022,8,S,7,1
SWT16,2016,2023,9,S,7,1
SWT17,2017,2023,1,S,6,1
SWT22,2022,2022,6,B,0,0
SYC00,2000,2016,2,N,16,1
SYC02,2002,2016,3,A,14,1
SYC91,1991,2008,2,N,17,1
SYC93,1993,1993,7,Q,0,0
SYC94,1994,2004,,,10,1
SYC95,1995,1995,6,Q,0,0
SYC96,1996,2005,10,S,9,1
SYC97,1997,2008,9,S,11,1
SYC98,1998,2000,2,N,2,1
SYL81,1981,1984,,Q,3,1
SYL82,1982,1982,8,Q,0,0
TAA96,1996,1996,6,B,0,0
TAA97,1997,1997,6,Q,0,0
TAA98,1998,1999,4,N,1,0
TAB77,1977,1978,3,N,1,0
TAC76,1976,1976,7,E,0,0
TAC77,1977,1977,6,Q,0,0
TAC78,1978,1978,5,Q,0,0
TAC79,1979,1980,2,N,1,0
TAL70,1970,1984,1,N,14,1
TAL71,1971,1984,1,N,13,1
TAL72,1972,1982,3,N,10,1
TAL73,1973,1980,3,N,7,1
TAL74,1974,1974,6,Q,0,0
TAL75,1975,1988,6,A,13,1
TAL76,1976,1976,8,Q,0,0
TAL77,1977,1986,10,A,9,1
TAL78,1978,1978,6,Q,0,0
TALLS,1967,1978,1,N,11,1
TAM92,1992,1992,5,Q,0,0
TAM93,1993,2003,11,S,10,1
TAM94,1994,2004,7,S,10,1
TAM95,1995,1995,7,Q,0,0
TAMDU,2006,2013,,Q,7,1
TAN80,1980,1983,11,Q,3,1
TATTI,1994,2004,2,N,10,1
TBONE,1974,1983,12,N,9,1
TBS10,2010,2015,10,S,5,1
TCL16,2016,2017,3,N,1,0
TEA74,1974,1975,4,N,1,0
TEA76,1976,1989,3,N,13,1
TEA78,1978,1991,1,N,13,1
TEA80,1980,1992,3,N,12,1
TEA82,1982,1983,3,N,1,0
TEAKS,1989,1998,8,Q,9,1
TEI08,2008,2008,5,Q,0,0
TEI09,2009,2009,12,S,0,0
TEL84,1984,1984,6,Q,0,0
TEL85,1985,1985,7,Q,0,0
TEL86,1986,1991,10,S,5,1
TEL87,1987,2000,,Q,13,1
TEL90,1990,1998,10,S,8,1
TEL91,1991,1991,12,S,0,0
TEM15,2015,2015,6,W,0,0
TEM16,2016,2016,11,S,0,0
TEN96,1996,1996,,Q,0,0
TER75,1975,1988,11,N,13,1
TER76,1976,1976,6,D,0,0
TER77,1977,1977,6,D,0,0
TER79,1979,1981,12,A,2,1
TER80,1980,1997,2,N,17,1
TER83,1983,1993,3,N,10,1
TER84,1984,1993,10,A,9,1
TER85,1985,2002,2,N,17,1
TERRY,2002,2009,,Q,7,1
TGR97,1997,1997,6,Q,0,0
THI72,1972,1978,4,N,6,1
THI73,1973,1979,11,S,6,1
THI74,1974,1977,,Q,3,1
THI76,1976,1981,,S,5,1
THI78,1978,1979,,Q,1,1
THO78,1978,1991,12,S,13,1
THO80,1980,1985,3,N,5,1
THO81,1981,1995,2,N,14,1
THO82,1982,2000,3,N,18,1
THO84,1984,2000,12,S,16,1
THO86,1986,2000,6,C,14,1
THO87,1987,1989,3,N,2,1
THO89,1989,1990,3,N,1,0
THO91,1991,1992,1,N,1,0
THR80,1980,1989,12,S,9,1
THR83,1983,1986,,Q,3,1
THS01,2001,2001,7,Q,0,0
THS03,2003,2003,7,B,0,0
THS91,1991,1991,6,D,0,0
THS92,1992,1993,4,N,1,0
THS93,1993,1993,6,D,0,0
THS95,1995,2005,4,N,10,1
THS96,1996,2007,1,Q,11,1
THS98,1998,2006,10,A,8,1
THU91,1991,2007,3,N,16,1
THU94,1994,2007,3,N,13,1
THU96,1996,2010,4,N,14,1
TIC01,2001,2002,2,N,1,0
TIC04,2004,2005,1,N,1,0
TIC06,2006,2006,5,B,0,0
TIC08,2008,2008,7,Q,0,0
TIC09,2009,2010,3,N,1,0
TIC11,2011,2011,12,N,0,0
TIG85,1985,1985,9,Q,0,0
TIG86,1986,1995,8,Q,9,1
TIG89,1989,1997,7,S,8,1
TIG91,1991,1991,9,Q,0,0
TIG92,1992,1992,6,E,0,0
TIG93,1993,1998,7,S,5,1
TIG94,1994,1994,6,Q,0,0
TIG95,1995,1995,6,Q,0,0
TIG96,1996,1996,10,N,0,0
TIK00,2000,2000,6,D,0,0
TIK01,2001,2007,2,A,6,1
TIK03,2003,2006,12,S,3,1
TIK04,2004,2004,6,Q,0,0
TIK05,2005,2006,8,S,1,1
TIK06,2006,2006,11,S,0,0
TIK98,1998,2002,12,S,4,1
TIMSS,1964,1975,2,N,11,1
TIN00,2000,2016,12,N,16,1
TIN02,2002,2009,12,S,7,1
TIN04,2004,2013,11,S,9,1
TIN06,2006,2007,3,N,1,0
TIN95,1995,2009,12,S,14,1
TIN97,1997,1999,3,N,2,1
TIN98,1998,2018,1,N,20,1
TINYS,1965,1976,9,A,11,1
TIT79,1979,1993,3,N,14,1
TIT81,1981,1981,7,B,0,0
TIT82,1982,1985,4,A,3,1
TIT84,1984,2000,3,N,16,1
TKN94,1994,2003,10,S,9,1
TKN97,1997,2001,,Q,4,1
TKN99,1999,2011,10,S,12,1
TLS11,2011,2012,2,N,1,0
TLS13,2013,2014,2,N,1,0
TLS15,2015,2016,7,A,1,1
TLS16,2016,2016,6,B,0,0
TLS17,2017,2022,8,S,5,1
TLS21,2021,2021,5,A,0,0
TLSK1,2005,2013,,Q,8,1
TLW91,1991,1993,1,N,2,1
TLW93,1993,1993,6,Q,0,0
TNG92,1992,1993,3,N,1,0
TNG94,1994,2005,3,N,11,1
TNG95,1995,2006,7,S,11,1
TNG97,1997,2011,7,S,14,1
TNG99,1999,2015,1,N,16,1
TNQ12,2012,2014,7,S,2,1
TNQ14,2014,2020,10,S,6,1
TNQ16,2016,2017,4,N,1,0
TNR20,2020,2020,5,,0,0
TNS11,2011,2016,9,S,5,1
TNS12,2012,2012,11,S,0,0
TNY88,1988,1989,3,N,1,0
TNY90,1990,1991,4,N,1,0
TNY91,1991,1993,4,N,2,1
TNY93,1993,2008,8,S,15,1
TNY94,1994,2008,3,A,14,1
TNY98,1998,1998,6,D,0,0
TNY99,1999,2000,2,N,1,0
TOG90,1990,1991,3,N,1,0
TOG91,1991,1992,3,N,1,0
TOG92,1992,1993,2,N,1,0
TOK15,2015,2016,3,N,1,0
TOK17,2017,2018,1,N,1,0
TOMSS,1969,1977,3,S,8,1
TONKS,2008,2021,10,S,13,1
TOO00,2000,2003,10,S,3,1
TOP85,1985,1985,6,E,0,0
TOR72,1972,1984,5,N,12,1
TOR73,1973,1973,6,A,0,0
TOR74,1974,1983,3,N,9,1
TOR75,1975,1990,3,N,15,1
TOR76,1976,1986,4,N,10,1
TOR77,1977,1981,3,N,4,1
TOR78,1978,1989,11,A,11,1
TOR79,1979,1980,3,N,1,0
TOR80,1980,1981,3,N,1,0
TORMO,1967,1979,4,N,12,1
TOS91,1991,1991,11,N,0,0
TOS96,1996,2003,2,N,7,1
TOS98,1998,2003,10,S,5,1
TOU87,1987,1994,1,Q,7,1
TOU90,1990,1990,5,Q,0,0
TRA80,1980,1980,7,E,0,0
TRA81,1981,1982,3,N,1,0
TRA83,1983,1998,3,N,15,1
TRA84,1984,1986,3,N,2,1
TRA86,1986,1986,6,B,0,0
TRA87,1987,1988,2,N,1,0
TRI01,2001,2002,3,N,1,0
TRI98,1998,1999,1,N,1,0
TRICK,1963,1975,1,N,12,1
TRIPO,1965,1975,8,S,10,1
TRK86,1986,1986,6,Q,0,0
TRK87,1987,2008,1,N,21,1
TRK88,1988,1989,3,N,1,0
TRK89,1989,1989,6,B,0,0
TRN69,1969,1981,3,N,12,1
TRN70,1970,1970,6,Q,0,0
TRN71,1971,1975,8,S,4,1
TRN72,1972,1986,3,N,14,1
TRN73,1973,1982,5,N,9,1
TRN74,1974,1988,12,N,14,1
TRN75,1975,1978,5,N,3,1
TRN76,1976,1976,6,B,0,0
TRN77,1977,1986,5,N,9,1
TRN80,1980,1981,3,N,1,0
TRNRI,1964,1981,2,N,17,1
TRR23,2023,2023,6,E,0,0
TRT00,2000,2006,11,S,6,1
TRT02,2002,2015,4,N,13,1
TRT03,2003,2013,11,S,10,1
TRT05,2005,2010,12,S,5,1
TRT94,1994,1995,3,N,1,0
TRT95,1995,1997,2,N,2,1
TRT96,1996,1996,6,D,0,0
TRT97,1997,2009,1,S,12,1
TRT98,1998,2015,3,N,17,1
TRUBB,1965,1976,12,N,11,1
TRX12,2012,2013,11,S,1,1
TRX13,2013,2013,11,S,0,0
TSL00,2000,2002,4,N,2,1
TSL02,2002,2002,7,Q,0,0
TSL03,2003,2003,8,D,0,0
TSL04,2004,2004,5,D,0,0
TSU07,2007,2010,7,S,3,1
TSU10,2010,2016,1,S,6,1
TSU11,2011,2011,5,Q,0,0
TSU13,2013,2013,5,Q,0,0
TSU14,2014,2014,6,Q,0,0
TSU15,2015,2017,1,S,2,1
TSU16,2016,2018,1,S,2,1
TTL04,2004,2013,11,S,9,1
TTL06,2006,2020,,Q,14,1
TTL08,2008,2010,10,S,2,1
TTL09,2009,2017,10,S,8,1
TTL12,2012,2017,9,S,5,1
TTL14,2014,2015,12,S,1,1
TUFTY,2001,2011,10,R,10,1
TUI08,2008,2008,7,Q,0,0
TUI12,2012,2017,1,Q,5,1
TUI13,2013,2013,11,S,0,0
TUR83,1983,2000,1,N,17,1
TUR85,1985,2000,3,N,15,1
TUR87,1987,1993,,Q,6,1
TUR92,1992,1993,2,N,1,0
TURKS,1987,2000,,Q,13,1
TURPL,1989,2002,,Q,13,1
TUS01,2001,2005,12,S,4,1
TUS03,2003,2004,2,S,1,
TUS95,1995,1995,6,D,0,0
TUS96,1996,2001,10,S,5,1
TUS97,1997,2013,7,S,16,1
TUS99,1999,2002,7,S,3,1
TWA01,2001,2002,2,N,1,0
TWE90,1990,1990,6,A,0,0
TWE91,1991,1993,3,N,2,1
TWE92,1992,1992,6,Q,0,0
TWE93,1993,2000,4,N,7,1
TWE95,1995,1996,1,N,1,0
TWI84,1984,1984,5,Q,0,0
TWI85,1985,1989,12,S,4,1
TWI86,1986,1990,9,N,4,1
TWIGY,2003,2009,,Q,6,1
TWINK,1962,1975,2,N,13,1
TWIST,1967,1976,8,S,9,1
TWST2,1994,2008,3,N,14,1
TWX06,2006,2019,,Q,13,1
TWX08,2008,2022,2,S,14,1
TYS79,1979,1980,3,N,1,0
TYS81,1981,1982,3,N,1,0
TYS82,1982,1982,7,E,0,0
TYS83,1983,1999,3,N,16,1
TYS84,1984,1986,4,N,2,1
TYS85,1985,1996,12,N,11,1
TYS87,1987,1988,3,N,1,0
TYS89,1989,2004,3,N,15,1
UHA14,2014,2023,9,R,9,1
UHU21,2021,2022,2,N,1,0
UKL04,2004,2004,5,Q,0,0
UKL05,2005,2012,8,S,7,1
UKL06,2006,2011,2,Q,5,1
UKL08,2008,2016,10,S,8,1
UKL09,2009,2012,8,S,3,1
UKL12,2012,2022,,Q,10,1
UKL13,2013,2013,6,Q,0,0
UKL14,2014,2020,9,S,6,1
ULU10,2010,2012,1,N,2,1
ULU12,2012,2018,9,S,6,1
ULU15,2015,2022,9,S,7,1
ULU16,2016,2020,10,S,4,1
ULU19,2019,2019,11,S,0,0
UMB80,1980,1995,2,N,15,1
UMB82,1982,1983,3,N,1,0
UMB83,1983,1983,6,D,0,0
UMB84,1984,1997,3,N,13,1
UMB85,1985,1986,3,N,1,0
UMB87,1987,1987,7,Q,0,0
UMB88,1988,1989,1,N,1,0
UPR68,1968,1983,3,N,15,1
UPR71,1971,1986,3,N,15,1
UPR72,1972,1984,3,N,12,1
UPR73,1973,1979,11,A,6,1
UPR74,1974,1988,10,A,14,1
UPR75,1975,1986,2,N,11,1
UPR76,1976,1978,10,S,2,1
UPR78,1978,1992,2,N,14,1
UPRHI,1962,1979,5,N,17,1
UPT70,1970,1980,1,N,10,1
UPT71,1971,1982,2,N,11,1
UPT72,1972,1973,3,N,1,0
UPT74,1974,1986,3,N,12,1
UPT75,1975,1976,4,N,1,0
UPT76,1976,1986,4,N,10,1
UPT77,1977,1985,3,N,8,1
UPT78,1978,1993,2,N,15,1
UPT79,1979,1994,3,N,15,1
UPT80,1980,1982,2,N,2,1
UPT82,1982,1989,6,C,7,1
UPTUR,1967,1983,9,A,16,1
URC11,2011,2012,3,N,1,0
URC13,2013,2023,1,N,10,1
URC16,2016,2017,2,N,1,0
URC18,2018,2019,3,N,1,0
USAIN,2004,2009,,Q,5,1
USHAS,1968,1982,1,N,14,1
USS10,2010,2011,4,N,1,0
USS15,2015,2018,1,N,3,1
USS18,2018,2018,6,Q,0,0
USS21,2021,2021,10,N,0,0
UTE17,2017,2017,6,B,0,0
UZH21,2021,2022,5,N,1,1
VASES,1972,1983,1,N,11,1
VEC19,2019,2019,12,S,0,0
VEL20,2020,2021,2,N,1,0
VEL21,2021,2022,1,N,1,0
VEL22,2022,2023,1,N,1,0
VEN94,1994,1997,8,S,3,1
VEN95,1995,1996,3,N,1,0
VEN96,1996,1996,10,S,0,0
VER74,1974,1987,3,N,13,1
VER75,1975,1975,5,D,0,0
VER76,1976,1976,6,D,0,0
VER78,1978,1992,1,N,14,1
VER79,1979,1993,1,N,14,1
VER80,1980,1982,3,N,2,1
VER81,1981,1993,3,N,12,1
VER82,1982,1983,4,N,1,0
VER83,1983,1984,1,A,1,0
VER84,1984,1995,7,Q,11,1
VER85,1985,1985,2,B,0,0
VES07,2007,2009,3,N,2,1
VES08,2008,2009,5,N,1,1
VES09,2009,2009,7,Q,0,0
VES12,2012,2013,5,N,1,1
VES13,2013,2014,3,N,1,0
VES14,2014,2014,6,D,0,0
VES16,2016,2016,6,Q,0,0
VES17,2017,2017,5,B,0,0
VES18,2018,2018,6,B,0,0
VIC78,1978,1989,3,N,11,1
VIC80,1980,1991,8,S,11,1
VICTO,1963,1976,3,N,13,1
VIL22,2022,2022,5,Q,0,0
VIL23,2023,2023,5,B,0,0
VIN88,1988,2001,5,N,13,1
VIN91,1991,1996,11,S,5,1
VIN93,1993,1996,10,S,3,1
VIN95,1995,1997,1,S,2,1
VIN97,1997,1998,12,S,1,1
VIN99,1999,2000,9,S,1,1
VINCE,1971,1979,8,S,8,1
VIO89,1989,2007,1,N,18,1
VIO90,1990,1991,4,N,1,0
VIO92,1992,1993,2,N,1,0
VIO94,1994,1994,6,D,0,0
VIO95,1995,1995,6,D,0,0
VIO96,1996,2008,8,Q,12,1
VIO97,1997,2012,2,N,15,1
VIO99,1999,1999,4,,0,0
VIP14,2014,2015,3,N,1,0
VIP16,2016,2018,9,S,2,1
VIP18,2018,2022,8,S,4,1
VIP22,2022,2023,4,N,1,0
VIX79,1979,1980,2,N,1,0
VIX80,1980,1981,1,N,1,0
VIX82,1982,1983,3,N,1,0
VIX84,1984,1986,3,N,2,1
VIX86,1986,1987,1,N,1,0
VNG95,1995,1997,8,S,2,1
VNL06,2006,2007,4,N,1,0
VNL09,2009,2009,5,Q,0,0
VNL13,2013,2015,3,N,2,1
VNS06,2006,2010,12,S,4,1
VNS07,2007,2008,2,N,1,0
VNS09,2009,2022,9,S,13,1
VNS13,2013,2020,9,S,7,1
VNS15,2015,2015,6,E,0,0
VNT15,2015,2018,12,S,3,1
VOR17,2017,2018,3,N,1,0
VOR18,2018,2019,1,S,1,
WAD00,2000,2000,11,S,0,0
WAG01,2001,2002,3,N,1,0
WAG03,2003,2005,3,N,2,1
WAG04,2004,2005,1,N,1,0
WAG07,2007,2007,12,N,0,0
WAG95,1995,2008,4,N,13,1
WAG96,1996,2012,1,N,16,1
WAG97,1997,2001,1,S,4,1
WAG98,1998,2010,9,S,12,1
WAG99,1999,2005,7,S,6,1
WAL00,2000,2002,3,N,2,1
WAL01,2001,2001,6,Q,0,0
WAL02,2002,2019,2,N,17,1
WAL03,2003,2016,10,R,13,1
WAL04,2004,2005,3,N,1,0
WAL05,2005,2005,6,A,0,0
WAL06,2006,2018,5,N,12,1
WAL07,2007,2008,3,N,1,0
WAL08,2008,2009,3,N,1,0
WAL09,2009,2010,3,N,1,0
WAL10,2010,2010,6,Q,0,0
WAL13,2013,2013,5,W,0,0
WAL99,1999,2000,3,N,1,0
WAN83,1983,1988,3,N,5,1
WAN86,1986,1990,11,S,4,1
WAN87,1987,1991,9,S,4,1
WAN90,1990,1998,7,S,8,1
WAN91,1991,1993,3,N,2,1
WAS10,2010,2018,6,G,8,1
WAS12,2012,2012,6,Q,0,0
WAX80,1980,1992,2,N,12,1
WAX82,1982,1982,5,Q,0,0
WAX83,1983,1991,7,S,8,1
WAX84,1984,1985,2,N,1,0
WAX85,1985,1995,8,Q,10,1
WAX90,1990,1990,5,A,0,0
WBEYS,2004,2014,,Q,10,1
WEA17,2017,2017,12,S,0,0
WEE81,1981,1981,6,Q,0,0
WEE82,1982,1982,6,B,0,0
WEE83,1983,1983,6,Q,0,0
WEE84,1984,1985,3,N,1,0
WEE85,1985,1999,3,N,14,1
WEE87,1987,1989,4,N,2,1
WEE89,1989,1990,3,N,1,0
WHA82,1982,1983,4,N,1,0
WHA83,1983,1995,2,N,12,1
WHA84,1984,1986,5,N,2,1
WHA86,1986,1987,4,N,1,0
WHA87,1987,2001,2,N,14,1
WHA89,1989,2002,5,N,13,1
WHA91,1991,1993,1,N,2,1
WHA92,1992,1992,3,,0,0
WHE77,1977,1989,11,N,12,1
WHE79,1979,1981,2,N,2,1
WHE82,1982,1983,3,N,1,0
WHE83,1983,1984,3,N,1,0
WHE84,1984,1996,1,N,12,1
WHE86,1986,1987,5,N,1,1
WHE88,1988,1988,10,Q,0,0
WHF07,2007,2018,12,N,11,1
WHF12,2012,2018,8,S,6,1
WHI72,1972,1982,4,N,10,1
WHI73,1973,1990,3,N,17,1
WHI75,1975,1975,7,A,0,0
WHI76,1976,1992,11,S,16,1
WHI77,1977,1979,3,N,2,1
WHI79,1979,1982,3,N,3,1
WHI81,1981,1981,5,Q,0,0
WHI82,1982,1983,1,N,1,0
WHIGR,1969,1983,2,N,14,1
WHINO,1975,1980,9,Q,5,1
WHO78,1978,1978,5,Q,0,0
WHO79,1979,1986,3,N,7,1
WHO81,1981,1982,3,N,1,0
WHO83,1983,1986,10,Q,3,1
WHO85,1985,1986,2,N,1,0
WHO87,1987,1987,6,D,0,0
WHO88,1988,1989,3,N,1,0
WHS83,1983,1984,3,N,1,0
WHS84,1984,1986,1,N,2,1
WHS85,1985,1986,3,N,1,0
WHS87,1987,1989,3,N,2,1
WHS88,1988,1989,3,N,1,0
WHS90,1990,1994,12,S,4,1
WHS91,1991,1992,2,N,1,0
WHS92,1992,1992,4,,0,0
WHZ00,2000,2005,11,S,5,1
WHZ02,2002,2015,3,N,13,1
WHZ03,2003,2005,3,N,2,1
WHZ05,2005,2009,9,S,4,1
WHZ07,2007,2008,2,N,1,0
WHZ10,2010,2011,3,N,1,0
WHZ98,1998,1999,3,N,1,0
WIC13,2013,2018,11,S,5,1
WIC16,2016,2016,9,N,0,0
WIC17,2017,2018,3,N,1,0
WIC19,2019,2023,9,S,4,1
WIC20,2020,2022,5,N,2,1
WIC21,2021,2022,4,N,1,0
WID74,1974,1979,3,N,5,1
WID75,1975,1983,3,N,8,1
WID81,1981,1989,1,N,8,1
WID85,1985,1996,10,Q,11,1
WIG80,1980,1980,6,E,0,0
WIG81,1981,1982,3,N,1,0
WIG83,1983,1984,3,N,1,0
WIG85,1985,2000,1,N,15,1
WIG87,1987,1987,6,Q,0,0
WIG88,1988,1989,2,N,1,0
WIL89,1989,1990,2,N,1,0
WIL91,1991,1991,6,Q,0,0
WIL92,1992,1993,2,N,1,0
WILLS,1965,1974,8,S,9,1
WILTS,1998,2013,8,S,15,1
WINDY,1995,2002,,Q,7,1
WIRES,1990,2000,,Q,10,1
WIS03,2003,2009,10,S,6,1
WIS04,2004,2010,11,S,6,1
WIS06,2006,2021,3,N,15,1
WIS10,2010,2010,12,Q,0,0
WLK13,2013,2014,3,N,1,0
WLK14,2014,2015,3,N,1,0
WLK15,2015,2016,4,N,1,0
WLK16,2016,2017,2,N,1,0
WLK20,2020,2022,3,N,2,1
WLK22,2022,2022,11,N,0,0
WLL12,2012,2014,1,S,2,1
WOD88,1988,1989,3,N,1,0
WOD90,1990,2001,,Q,11,1
WOD91,1991,1992,3,N,1,0
WOD92,1992,1993,2,N,1,0
WOD94,1994,2000,11,S,6,1
WOD96,1996,2005,9,A,9,1
WOD98,1998,1999,4,N,1,0
WONKY,2003,2010,,Q,7,1
WOO85,1985,1985,7,Q,0,0
WRE00,2000,2011,7,S,11,1
WRE03,2003,2005,8,S,2,1
WRE05,2005,2005,6,Q,0,0
WRE07,2007,2018,4,N,11,1
WRE09,2009,2009,6,Q,0,0
WRE10,2010,2010,6,Q,0,0
WRE11,2011,2012,3,N,1,0
WSD00,2000,2010,12,S,10,1
WSD02,2002,2004,12,Q,2,1
WSD03,2003,2003,6,Q,0,0
WSD04,2004,2004,8,Q,0,0
WSD05,2005,2010,10,S,5,1
WSD06,2006,2012,10,S,6,1
WSD08,2008,2012,9,S,4,1
WSD11,2011,2023,10,S,12,1
WSD12,2012,2015,11,S,3,1
WSD14,2014,2015,2,N,1,0
WSD99,1999,1999,6,Q,0,0
WST19,2019,2023,11,S,4,1
WTZ16,2016,2017,2,N,1,0
WTZ18,2018,2018,5,Q,0,0
WTZ21,2021,2021,5,B,0,0
WYO23,2023,2023,5,Q,0,0
XEN14,2014,2014,6,D,0,0
XIN16,2016,2022,9,S,6,1
XIN17,2017,2017,11,S,0,0
YAN19,2019,2019,12,S,0,0
YECOA,1983,1993,2,N,10,1
YESTE,1968,1979,5,N,11,1
YEW03,2003,2008,12,S,5,1
YEW06,2006,2008,4,N,2,1
YEW99,1999,2014,5,N,15,1
YEY80,1980,1987,3,N,7,1
YHO71,1971,1989,1,N,18,1
YHO72,1972,1982,4,N,10,1
YHO74,1974,1990,2,N,16,1
YHO75,1975,1980,9,S,5,1
YHO76,1976,1987,4,N,11,1
YHO78,1978,1978,5,Q,0,0
YHO79,1979,1981,4,N,2,1
YOG06,2006,2022,11,N,16,1
YOG08,2008,2012,9,S,4,1
YOG09,2009,2014,1,S,5,1
YOG12,2012,2016,9,S,4,1
YOS00,2000,2000,6,Q,0,0
YOS01,2001,2014,10,Q,13,1
YOS03,2003,2005,4,N,2,1
YOS05,2005,2009,10,S,4,1
YOS07,2007,2009,3,N,2,1
YOS10,2010,2015,3,N,5,1
YTA70,1970,1970,6,Q,0,0
YTA71,1971,1976,8,S,5,1
YTA72,1972,1986,4,N,14,1
YTA73,1973,1978,4,N,5,1
YTA75,1975,1986,4,Q,11,1
YTA76,1976,1980,10,S,4,1
YTA77,1977,1989,4,N,12,1
YTA80,1980,1981,2,N,1,0
YTAGG,1966,1981,1,N,15,1
YUM18,2018,2018,6,Q,0,0
YUM19,2019,2022,12,S,3,1
YUM20,2020,2022,12,S,2,1
YYURI,2001,2006,,Q,5,1
ZAN95,1995,1995,7,Q,0,0
ZAN98,1998,2001,,Q,3,1
ZAP12,2012,2012,5,Q,0,0
ZAP13,2013,2014,1,N,1,0
ZAPHO,2005,2017,,Q,12,1
ZEB85,1985,1986,3,N,1,0
ZEB89,1989,1990,2,N,1,0
ZEBRA,1974,1990,2,N,16,1
ZEP12,2012,2012,6,Q,0,0
ZEP13,2013,2013,5,Q,0,0
ZEP18,2018,2019,2,N,1,0
ZIR00,2000,2000,5,B,0,0
ZIT21,2021,2023,1,S,2,1
ZUC00,2000,2000,5,Q,0,0
ZUC01,2001,2017,2,N,16,1
ZUC03,2003,2018,1,N,15,1
ZUC05,2005,2005,6,Q,0,0
ZUC06,2006,2007,3,N,1,0
ZUC96,1996,2005,10,A,9,1
ZUC98,1998,2009,4,Q,11,1
ZUN17,2017,2018,1,N,1,0
ZUN18,2018,2019,1,S,1,
